A_pass,A_relative_remainder,O_pass,O_relative_remainder,method,opaque_direction_id,passed,seed,semantic_name
True,0.0,True,0.0,ERM,u005,True,10,source_color_common
True,0.0,True,0.0,ERM,u006,True,10,source_color_contrast
True,0.0,True,0.0,ERM,u007,True,10,color_global
True,0.0,True,0.0,ERM,u008,True,10,color_shift
True,0.0,True,0.0,ERM,u009,True,10,noise_global
True,0.0,True,0.0,ERM,u010,True,10,noise_shift
True,0.0,True,0.0,IRMv1,u005,True,10,source_color_common
True,0.0,True,0.0,IRMv1,u006,True,10,source_color_contrast
True,0.0,True,0.0,IRMv1,u007,True,10,color_global
True,0.0,True,0.0,IRMv1,u008,True,10,color_shift
True,0.0,True,0.0,IRMv1,u009,True,10,noise_global
True,0.0,True,0.0,IRMv1,u010,True,10,noise_shift
True,0.0,True,0.0,VREX,u005,True,10,source_color_common
True,0.0,True,0.0,VREX,u006,True,10,source_color_contrast
True,0.0,True,0.0,VREX,u007,True,10,color_global
True,0.0,True,0.0,VREX,u008,True,10,color_shift
True,0.0,True,0.0,VREX,u009,True,10,noise_global
True,0.0,True,0.0,VREX,u010,True,10,noise_shift
True,0.0,True,0.0,CORAL,u005,True,10,source_color_common
True,0.0,True,0.0,CORAL,u006,True,10,source_color_contrast
True,0.0,True,0.0,CORAL,u007,True,10,color_global
True,0.0,True,0.0,CORAL,u008,True,10,color_shift
True,0.0,True,0.0,CORAL,u009,True,10,noise_global
True,0.0,True,0.0,CORAL,u010,True,10,noise_shift
True,0.0,True,0.0,FISHR,u005,True,10,source_color_common
True,0.0,True,0.0,FISHR,u006,True,10,source_color_contrast
True,0.0,True,0.0,FISHR,u007,True,10,color_global
True,0.0,True,0.0,FISHR,u008,True,10,color_shift
True,0.0,True,0.0,FISHR,u009,True,10,noise_global
True,0.0,True,0.0,FISHR,u010,True,10,noise_shift
True,0.0,True,0.0,MLDG,u005,True,10,source_color_common
True,0.0,True,0.0,MLDG,u006,True,10,source_color_contrast
True,0.0,True,0.0,MLDG,u007,True,10,color_global
True,0.0,True,0.0,MLDG,u008,True,10,color_shift
True,0.0,True,0.0,MLDG,u009,True,10,noise_global
True,0.0,True,0.0,MLDG,u010,True,10,noise_shift
True,0.0,True,0.0,SPECTRAL_NORM_REG,u005,True,10,source_color_common
True,0.0,True,0.0,SPECTRAL_NORM_REG,u006,True,10,source_color_contrast
True,0.0,True,0.0,SPECTRAL_NORM_REG,u007,True,10,color_global
True,0.0,True,0.0,SPECTRAL_NORM_REG,u008,True,10,color_shift
True,0.0,True,0.0,SPECTRAL_NORM_REG,u009,True,10,noise_global
True,0.0,True,0.0,SPECTRAL_NORM_REG,u010,True,10,noise_shift
True,0.0,True,0.0,SPECTRAL_REG_2024,u005,True,10,source_color_common
True,0.0,True,0.0,SPECTRAL_REG_2024,u006,True,10,source_color_contrast
True,0.0,True,0.0,SPECTRAL_REG_2024,u007,True,10,color_global
True,0.0,True,0.0,SPECTRAL_REG_2024,u008,True,10,color_shift
True,0.0,True,0.0,SPECTRAL_REG_2024,u009,True,10,noise_global
True,0.0,True,0.0,SPECTRAL_REG_2024,u010,True,10,noise_shift
True,0.0,True,0.0,SVB_ORTHDNN,u005,True,10,source_color_common
True,0.0,True,0.0,SVB_ORTHDNN,u006,True,10,source_color_contrast
True,0.0,True,0.0,SVB_ORTHDNN,u007,True,10,color_global
True,0.0,True,0.0,SVB_ORTHDNN,u008,True,10,color_shift
True,0.0,True,0.0,SVB_ORTHDNN,u009,True,10,noise_global
True,0.0,True,0.0,SVB_ORTHDNN,u010,True,10,noise_shift
True,0.0,True,0.0,STABLE_RANK_NORM,u005,True,10,source_color_common
True,0.0,True,0.0,STABLE_RANK_NORM,u006,True,10,source_color_contrast
True,0.0,True,0.0,STABLE_RANK_NORM,u007,True,10,color_global
True,0.0,True,0.0,STABLE_RANK_NORM,u008,True,10,color_shift
True,0.0,True,0.0,STABLE_RANK_NORM,u009,True,10,noise_global
True,0.0,True,0.0,STABLE_RANK_NORM,u010,True,10,noise_shift
True,0.0,True,0.0,SAM,u005,True,10,source_color_common
True,0.0,True,0.0,SAM,u006,True,10,source_color_contrast
True,0.0,True,0.0,SAM,u007,True,10,color_global
True,0.0,True,0.0,SAM,u008,True,10,color_shift
True,0.0,True,0.0,SAM,u009,True,10,noise_global
True,0.0,True,0.0,SAM,u010,True,10,noise_shift
True,0.0,True,0.0,ASAM,u005,True,10,source_color_common
True,0.0,True,0.0,ASAM,u006,True,10,source_color_contrast
True,0.0,True,0.0,ASAM,u007,True,10,color_global
True,0.0,True,0.0,ASAM,u008,True,10,color_shift
True,0.0,True,0.0,ASAM,u009,True,10,noise_global
True,0.0,True,0.0,ASAM,u010,True,10,noise_shift
True,0.0,True,0.0,ERM,u005,True,11,source_color_common
True,0.0,True,0.0,ERM,u006,True,11,source_color_contrast
True,0.0,True,0.0,ERM,u007,True,11,color_global
True,0.0,True,0.0,ERM,u008,True,11,color_shift
True,0.0,True,0.0,ERM,u009,True,11,noise_global
True,0.0,True,0.0,ERM,u010,True,11,noise_shift
True,0.0,True,0.0,IRMv1,u005,True,11,source_color_common
True,0.0,True,0.0,IRMv1,u006,True,11,source_color_contrast
True,0.0,True,0.0,IRMv1,u007,True,11,color_global
True,0.0,True,0.0,IRMv1,u008,True,11,color_shift
True,0.0,True,0.0,IRMv1,u009,True,11,noise_global
True,0.0,True,0.0,IRMv1,u010,True,11,noise_shift
True,0.0,True,0.0,VREX,u005,True,11,source_color_common
True,0.0,True,0.0,VREX,u006,True,11,source_color_contrast
True,0.0,True,0.0,VREX,u007,True,11,color_global
True,0.0,True,0.0,VREX,u008,True,11,color_shift
True,0.0,True,0.0,VREX,u009,True,11,noise_global
True,0.0,True,0.0,VREX,u010,True,11,noise_shift
True,0.0,True,0.0,CORAL,u005,True,11,source_color_common
True,0.0,True,0.0,CORAL,u006,True,11,source_color_contrast
True,0.0,True,0.0,CORAL,u007,True,11,color_global
True,0.0,True,0.0,CORAL,u008,True,11,color_shift
True,0.0,True,0.0,CORAL,u009,True,11,noise_global
True,0.0,True,0.0,CORAL,u010,True,11,noise_shift
True,0.0,True,0.0,FISHR,u005,True,11,source_color_common
True,0.0,True,0.0,FISHR,u006,True,11,source_color_contrast
True,0.0,True,0.0,FISHR,u007,True,11,color_global
True,0.0,True,0.0,FISHR,u008,True,11,color_shift
True,0.0,True,0.0,FISHR,u009,True,11,noise_global
True,0.0,True,0.0,FISHR,u010,True,11,noise_shift
True,0.0,True,0.0,MLDG,u005,True,11,source_color_common
True,0.0,True,0.0,MLDG,u006,True,11,source_color_contrast
True,0.0,True,0.0,MLDG,u007,True,11,color_global
True,0.0,True,0.0,MLDG,u008,True,11,color_shift
True,0.0,True,0.0,MLDG,u009,True,11,noise_global
True,0.0,True,0.0,MLDG,u010,True,11,noise_shift
True,0.0,True,0.0,SPECTRAL_NORM_REG,u005,True,11,source_color_common
True,0.0,True,0.0,SPECTRAL_NORM_REG,u006,True,11,source_color_contrast
True,0.0,True,0.0,SPECTRAL_NORM_REG,u007,True,11,color_global
True,0.0,True,0.0,SPECTRAL_NORM_REG,u008,True,11,color_shift
True,0.0,True,0.0,SPECTRAL_NORM_REG,u009,True,11,noise_global
True,0.0,True,0.0,SPECTRAL_NORM_REG,u010,True,11,noise_shift
True,0.0,True,0.0,SPECTRAL_REG_2024,u005,True,11,source_color_common
True,0.0,True,0.0,SPECTRAL_REG_2024,u006,True,11,source_color_contrast
True,0.0,True,0.0,SPECTRAL_REG_2024,u007,True,11,color_global
True,0.0,True,0.0,SPECTRAL_REG_2024,u008,True,11,color_shift
True,0.0,True,0.0,SPECTRAL_REG_2024,u009,True,11,noise_global
True,0.0,True,0.0,SPECTRAL_REG_2024,u010,True,11,noise_shift
True,0.0,True,0.0,SVB_ORTHDNN,u005,True,11,source_color_common
True,0.0,True,0.0,SVB_ORTHDNN,u006,True,11,source_color_contrast
True,0.0,True,0.0,SVB_ORTHDNN,u007,True,11,color_global
True,0.0,True,0.0,SVB_ORTHDNN,u008,True,11,color_shift
True,0.0,True,0.0,SVB_ORTHDNN,u009,True,11,noise_global
True,0.0,True,0.0,SVB_ORTHDNN,u010,True,11,noise_shift
True,0.0,True,0.0,STABLE_RANK_NORM,u005,True,11,source_color_common
True,0.0,True,0.0,STABLE_RANK_NORM,u006,True,11,source_color_contrast
True,0.0,True,0.0,STABLE_RANK_NORM,u007,True,11,color_global
True,0.0,True,0.0,STABLE_RANK_NORM,u008,True,11,color_shift
True,0.0,True,0.0,STABLE_RANK_NORM,u009,True,11,noise_global
True,0.0,True,0.0,STABLE_RANK_NORM,u010,True,11,noise_shift
True,0.0,True,0.0,SAM,u005,True,11,source_color_common
True,0.0,True,0.0,SAM,u006,True,11,source_color_contrast
True,0.0,True,0.0,SAM,u007,True,11,color_global
True,0.0,True,0.0,SAM,u008,True,11,color_shift
True,0.0,True,0.0,SAM,u009,True,11,noise_global
True,0.0,True,0.0,SAM,u010,True,11,noise_shift
True,0.0,True,0.0,ASAM,u005,True,11,source_color_common
True,0.0,True,0.0,ASAM,u006,True,11,source_color_contrast
True,0.0,True,0.0,ASAM,u007,True,11,color_global
True,0.0,True,0.0,ASAM,u008,True,11,color_shift
True,0.0,True,0.0,ASAM,u009,True,11,noise_global
True,0.0,True,0.0,ASAM,u010,True,11,noise_shift
True,0.0,True,0.0,ERM,u005,True,12,source_color_common
True,0.0,True,0.0,ERM,u006,True,12,source_color_contrast
True,0.0,True,0.0,ERM,u007,True,12,color_global
True,0.0,True,0.0,ERM,u008,True,12,color_shift
True,0.0,True,0.0,ERM,u009,True,12,noise_global
True,0.0,True,0.0,ERM,u010,True,12,noise_shift
True,0.0,True,0.0,IRMv1,u005,True,12,source_color_common
True,0.0,True,0.0,IRMv1,u006,True,12,source_color_contrast
True,0.0,True,0.0,IRMv1,u007,True,12,color_global
True,0.0,True,0.0,IRMv1,u008,True,12,color_shift
True,0.0,True,0.0,IRMv1,u009,True,12,noise_global
True,0.0,True,0.0,IRMv1,u010,True,12,noise_shift
True,0.0,True,0.0,VREX,u005,True,12,source_color_common
True,0.0,True,0.0,VREX,u006,True,12,source_color_contrast
True,0.0,True,0.0,VREX,u007,True,12,color_global
True,0.0,True,0.0,VREX,u008,True,12,color_shift
True,0.0,True,0.0,VREX,u009,True,12,noise_global
True,0.0,True,0.0,VREX,u010,True,12,noise_shift
True,0.0,True,0.0,CORAL,u005,True,12,source_color_common
True,0.0,True,0.0,CORAL,u006,True,12,source_color_contrast
True,0.0,True,0.0,CORAL,u007,True,12,color_global
True,0.0,True,0.0,CORAL,u008,True,12,color_shift
True,0.0,True,0.0,CORAL,u009,True,12,noise_global
True,0.0,True,0.0,CORAL,u010,True,12,noise_shift
True,0.0,True,0.0,FISHR,u005,True,12,source_color_common
True,0.0,True,0.0,FISHR,u006,True,12,source_color_contrast
True,0.0,True,0.0,FISHR,u007,True,12,color_global
True,0.0,True,0.0,FISHR,u008,True,12,color_shift
True,0.0,True,0.0,FISHR,u009,True,12,noise_global
True,0.0,True,0.0,FISHR,u010,True,12,noise_shift
True,0.0,True,0.0,MLDG,u005,True,12,source_color_common
True,0.0,True,0.0,MLDG,u006,True,12,source_color_contrast
True,0.0,True,0.0,MLDG,u007,True,12,color_global
True,0.0,True,0.0,MLDG,u008,True,12,color_shift
True,0.0,True,0.0,MLDG,u009,True,12,noise_global
True,0.0,True,0.0,MLDG,u010,True,12,noise_shift
True,0.0,True,0.0,SPECTRAL_NORM_REG,u005,True,12,source_color_common
True,0.0,True,0.0,SPECTRAL_NORM_REG,u006,True,12,source_color_contrast
True,0.0,True,0.0,SPECTRAL_NORM_REG,u007,True,12,color_global
True,0.0,True,0.0,SPECTRAL_NORM_REG,u008,True,12,color_shift
True,0.0,True,0.0,SPECTRAL_NORM_REG,u009,True,12,noise_global
True,0.0,True,0.0,SPECTRAL_NORM_REG,u010,True,12,noise_shift
True,0.0,True,0.0,SPECTRAL_REG_2024,u005,True,12,source_color_common
True,0.0,True,0.0,SPECTRAL_REG_2024,u006,True,12,source_color_contrast
True,0.0,True,0.0,SPECTRAL_REG_2024,u007,True,12,color_global
True,0.0,True,0.0,SPECTRAL_REG_2024,u008,True,12,color_shift
True,0.0,True,0.0,SPECTRAL_REG_2024,u009,True,12,noise_global
True,0.0,True,0.0,SPECTRAL_REG_2024,u010,True,12,noise_shift
True,0.0,True,0.0,SVB_ORTHDNN,u005,True,12,source_color_common
True,0.0,True,0.0,SVB_ORTHDNN,u006,True,12,source_color_contrast
True,0.0,True,0.0,SVB_ORTHDNN,u007,True,12,color_global
True,0.0,True,0.0,SVB_ORTHDNN,u008,True,12,color_shift
True,0.0,True,0.0,SVB_ORTHDNN,u009,True,12,noise_global
True,0.0,True,0.0,SVB_ORTHDNN,u010,True,12,noise_shift
True,0.0,True,0.0,STABLE_RANK_NORM,u005,True,12,source_color_common
True,0.0,True,0.0,STABLE_RANK_NORM,u006,True,12,source_color_contrast
True,0.0,True,0.0,STABLE_RANK_NORM,u007,True,12,color_global
True,0.0,True,0.0,STABLE_RANK_NORM,u008,True,12,color_shift
True,0.0,True,0.0,STABLE_RANK_NORM,u009,True,12,noise_global
True,0.0,True,0.0,STABLE_RANK_NORM,u010,True,12,noise_shift
True,0.0,True,0.0,SAM,u005,True,12,source_color_common
True,0.0,True,0.0,SAM,u006,True,12,source_color_contrast
True,0.0,True,0.0,SAM,u007,True,12,color_global
True,0.0,True,0.0,SAM,u008,True,12,color_shift
True,0.0,True,0.0,SAM,u009,True,12,noise_global
True,0.0,True,0.0,SAM,u010,True,12,noise_shift
True,0.0,True,0.0,ASAM,u005,True,12,source_color_common
True,0.0,True,0.0,ASAM,u006,True,12,source_color_contrast
True,0.0,True,0.0,ASAM,u007,True,12,color_global
True,0.0,True,0.0,ASAM,u008,True,12,color_shift
True,0.0,True,0.0,ASAM,u009,True,12,noise_global
True,0.0,True,0.0,ASAM,u010,True,12,noise_shift
True,0.0,True,0.0,ERM,u005,True,13,source_color_common
True,0.0,True,0.0,ERM,u006,True,13,source_color_contrast
True,0.0,True,0.0,ERM,u007,True,13,color_global
True,0.0,True,0.0,ERM,u008,True,13,color_shift
True,0.0,True,0.0,ERM,u009,True,13,noise_global
True,0.0,True,0.0,ERM,u010,True,13,noise_shift
True,0.0,True,0.0,IRMv1,u005,True,13,source_color_common
True,0.0,True,0.0,IRMv1,u006,True,13,source_color_contrast
True,0.0,True,0.0,IRMv1,u007,True,13,color_global
True,0.0,True,0.0,IRMv1,u008,True,13,color_shift
True,0.0,True,0.0,IRMv1,u009,True,13,noise_global
True,0.0,True,0.0,IRMv1,u010,True,13,noise_shift
True,0.0,True,0.0,VREX,u005,True,13,source_color_common
True,0.0,True,0.0,VREX,u006,True,13,source_color_contrast
True,0.0,True,0.0,VREX,u007,True,13,color_global
True,0.0,True,0.0,VREX,u008,True,13,color_shift
True,0.0,True,0.0,VREX,u009,True,13,noise_global
True,0.0,True,0.0,VREX,u010,True,13,noise_shift
True,0.0,True,0.0,CORAL,u005,True,13,source_color_common
True,0.0,True,0.0,CORAL,u006,True,13,source_color_contrast
True,0.0,True,0.0,CORAL,u007,True,13,color_global
True,0.0,True,0.0,CORAL,u008,True,13,color_shift
True,0.0,True,0.0,CORAL,u009,True,13,noise_global
True,0.0,True,0.0,CORAL,u010,True,13,noise_shift
True,0.0,True,0.0,FISHR,u005,True,13,source_color_common
True,0.0,True,0.0,FISHR,u006,True,13,source_color_contrast
True,0.0,True,0.0,FISHR,u007,True,13,color_global
True,0.0,True,0.0,FISHR,u008,True,13,color_shift
True,0.0,True,0.0,FISHR,u009,True,13,noise_global
True,0.0,True,0.0,FISHR,u010,True,13,noise_shift
True,0.0,True,0.0,MLDG,u005,True,13,source_color_common
True,0.0,True,0.0,MLDG,u006,True,13,source_color_contrast
True,0.0,True,0.0,MLDG,u007,True,13,color_global
True,0.0,True,0.0,MLDG,u008,True,13,color_shift
True,0.0,True,0.0,MLDG,u009,True,13,noise_global
True,0.0,True,0.0,MLDG,u010,True,13,noise_shift
True,0.0,True,0.0,SPECTRAL_NORM_REG,u005,True,13,source_color_common
True,0.0,True,0.0,SPECTRAL_NORM_REG,u006,True,13,source_color_contrast
True,0.0,True,0.0,SPECTRAL_NORM_REG,u007,True,13,color_global
True,0.0,True,0.0,SPECTRAL_NORM_REG,u008,True,13,color_shift
True,0.0,True,0.0,SPECTRAL_NORM_REG,u009,True,13,noise_global
True,0.0,True,0.0,SPECTRAL_NORM_REG,u010,True,13,noise_shift
True,0.0,True,0.0,SPECTRAL_REG_2024,u005,True,13,source_color_common
True,0.0,True,0.0,SPECTRAL_REG_2024,u006,True,13,source_color_contrast
True,0.0,True,0.0,SPECTRAL_REG_2024,u007,True,13,color_global
True,0.0,True,0.0,SPECTRAL_REG_2024,u008,True,13,color_shift
True,0.0,True,0.0,SPECTRAL_REG_2024,u009,True,13,noise_global
True,0.0,True,0.0,SPECTRAL_REG_2024,u010,True,13,noise_shift
True,0.0,True,0.0,SVB_ORTHDNN,u005,True,13,source_color_common
True,0.0,True,0.0,SVB_ORTHDNN,u006,True,13,source_color_contrast
True,0.0,True,0.0,SVB_ORTHDNN,u007,True,13,color_global
True,0.0,True,0.0,SVB_ORTHDNN,u008,True,13,color_shift
True,0.0,True,0.0,SVB_ORTHDNN,u009,True,13,noise_global
True,0.0,True,0.0,SVB_ORTHDNN,u010,True,13,noise_shift
True,0.0,True,0.0,STABLE_RANK_NORM,u005,True,13,source_color_common
True,0.0,True,0.0,STABLE_RANK_NORM,u006,True,13,source_color_contrast
True,0.0,True,0.0,STABLE_RANK_NORM,u007,True,13,color_global
True,0.0,True,0.0,STABLE_RANK_NORM,u008,True,13,color_shift
True,0.0,True,0.0,STABLE_RANK_NORM,u009,True,13,noise_global
True,0.0,True,0.0,STABLE_RANK_NORM,u010,True,13,noise_shift
True,0.0,True,0.0,SAM,u005,True,13,source_color_common
True,0.0,True,0.0,SAM,u006,True,13,source_color_contrast
True,0.0,True,0.0,SAM,u007,True,13,color_global
True,0.0,True,0.0,SAM,u008,True,13,color_shift
True,0.0,True,0.0,SAM,u009,True,13,noise_global
True,0.0,True,0.0,SAM,u010,True,13,noise_shift
True,0.0,True,0.0,ASAM,u005,True,13,source_color_common
True,0.0,True,0.0,ASAM,u006,True,13,source_color_contrast
True,0.0,True,0.0,ASAM,u007,True,13,color_global
True,0.0,True,0.0,ASAM,u008,True,13,color_shift
True,0.0,True,0.0,ASAM,u009,True,13,noise_global
True,0.0,True,0.0,ASAM,u010,True,13,noise_shift
True,0.0,True,0.0,ERM,u005,True,14,source_color_common
True,0.0,True,0.0,ERM,u006,True,14,source_color_contrast
True,0.0,True,0.0,ERM,u007,True,14,color_global
True,0.0,True,0.0,ERM,u008,True,14,color_shift
True,0.0,True,0.0,ERM,u009,True,14,noise_global
True,0.0,True,0.0,ERM,u010,True,14,noise_shift
True,0.0,True,0.0,IRMv1,u005,True,14,source_color_common
True,0.0,True,0.0,IRMv1,u006,True,14,source_color_contrast
True,0.0,True,0.0,IRMv1,u007,True,14,color_global
True,0.0,True,0.0,IRMv1,u008,True,14,color_shift
True,0.0,True,0.0,IRMv1,u009,True,14,noise_global
True,0.0,True,0.0,IRMv1,u010,True,14,noise_shift
True,0.0,True,0.0,VREX,u005,True,14,source_color_common
True,0.0,True,0.0,VREX,u006,True,14,source_color_contrast
True,0.0,True,0.0,VREX,u007,True,14,color_global
True,0.0,True,0.0,VREX,u008,True,14,color_shift
True,0.0,True,0.0,VREX,u009,True,14,noise_global
True,0.0,True,0.0,VREX,u010,True,14,noise_shift
True,0.0,True,0.0,CORAL,u005,True,14,source_color_common
True,0.0,True,0.0,CORAL,u006,True,14,source_color_contrast
True,0.0,True,0.0,CORAL,u007,True,14,color_global
True,0.0,True,0.0,CORAL,u008,True,14,color_shift
True,0.0,True,0.0,CORAL,u009,True,14,noise_global
True,0.0,True,0.0,CORAL,u010,True,14,noise_shift
True,0.0,True,0.0,FISHR,u005,True,14,source_color_common
True,0.0,True,0.0,FISHR,u006,True,14,source_color_contrast
True,0.0,True,0.0,FISHR,u007,True,14,color_global
True,0.0,True,0.0,FISHR,u008,True,14,color_shift
True,0.0,True,0.0,FISHR,u009,True,14,noise_global
True,0.0,True,0.0,FISHR,u010,True,14,noise_shift
True,0.0,True,0.0,MLDG,u005,True,14,source_color_common
True,0.0,True,0.0,MLDG,u006,True,14,source_color_contrast
True,0.0,True,0.0,MLDG,u007,True,14,color_global
True,0.0,True,0.0,MLDG,u008,True,14,color_shift
True,0.0,True,0.0,MLDG,u009,True,14,noise_global
True,0.0,True,0.0,MLDG,u010,True,14,noise_shift
True,0.0,True,0.0,SPECTRAL_NORM_REG,u005,True,14,source_color_common
True,0.0,True,0.0,SPECTRAL_NORM_REG,u006,True,14,source_color_contrast
True,0.0,True,0.0,SPECTRAL_NORM_REG,u007,True,14,color_global
True,0.0,True,0.0,SPECTRAL_NORM_REG,u008,True,14,color_shift
True,0.0,True,0.0,SPECTRAL_NORM_REG,u009,True,14,noise_global
True,0.0,True,0.0,SPECTRAL_NORM_REG,u010,True,14,noise_shift
True,0.0,True,0.0,SPECTRAL_REG_2024,u005,True,14,source_color_common
True,0.0,True,0.0,SPECTRAL_REG_2024,u006,True,14,source_color_contrast
True,0.0,True,0.0,SPECTRAL_REG_2024,u007,True,14,color_global
True,0.0,True,0.0,SPECTRAL_REG_2024,u008,True,14,color_shift
True,0.0,True,0.0,SPECTRAL_REG_2024,u009,True,14,noise_global
True,0.0,True,0.0,SPECTRAL_REG_2024,u010,True,14,noise_shift
True,0.0,True,0.0,SVB_ORTHDNN,u005,True,14,source_color_common
True,0.0,True,0.0,SVB_ORTHDNN,u006,True,14,source_color_contrast
True,0.0,True,0.0,SVB_ORTHDNN,u007,True,14,color_global
True,0.0,True,0.0,SVB_ORTHDNN,u008,True,14,color_shift
True,0.0,True,0.0,SVB_ORTHDNN,u009,True,14,noise_global
True,0.0,True,0.0,SVB_ORTHDNN,u010,True,14,noise_shift
True,0.0,True,0.0,STABLE_RANK_NORM,u005,True,14,source_color_common
True,0.0,True,0.0,STABLE_RANK_NORM,u006,True,14,source_color_contrast
True,0.0,True,0.0,STABLE_RANK_NORM,u007,True,14,color_global
True,0.0,True,0.0,STABLE_RANK_NORM,u008,True,14,color_shift
True,0.0,True,0.0,STABLE_RANK_NORM,u009,True,14,noise_global
True,0.0,True,0.0,STABLE_RANK_NORM,u010,True,14,noise_shift
True,0.0,True,0.0,SAM,u005,True,14,source_color_common
True,0.0,True,0.0,SAM,u006,True,14,source_color_contrast
True,0.0,True,0.0,SAM,u007,True,14,color_global
True,0.0,True,0.0,SAM,u008,True,14,color_shift
True,0.0,True,0.0,SAM,u009,True,14,noise_global
True,0.0,True,0.0,SAM,u010,True,14,noise_shift
True,0.0,True,0.0,ASAM,u005,True,14,source_color_common
True,0.0,True,0.0,ASAM,u006,True,14,source_color_contrast
True,0.0,True,0.0,ASAM,u007,True,14,color_global
True,0.0,True,0.0,ASAM,u008,True,14,color_shift
True,0.0,True,0.0,ASAM,u009,True,14,noise_global
True,0.0,True,0.0,ASAM,u010,True,14,noise_shift
