A_target_posthoc_only,E00_operator_norm,E0K_operator_norm,EC0_operator_norm,ECK_operator_norm,E_change_operator_norm,O_Pi_source_images_labels_only,Pi00_norm,Pi0K_norm,PiC0_norm,PiCK_norm,audit_mode,common_base_attribution_status,common_base_kind,direction,filtering_norm,interaction_norm,lambda,method,projection_dimension,representation_method,seed,sensing_norm,setting,symmetric_identity_residual
True,3.718272842641359,NA,NA,3.718272842641359,0.0,True,1.0350776843287548,NA,NA,1.0350776843287548,source_only_matrix_audit_no_high_dim_common_base_fd,NOT_RUN_HIGH_DIM_FD_COST,source_only_ERM_same_representation_seed,neutral,NA,NA,0.0,L2,62,ERM,0,NA,source_only_common_projection_erm,NA
True,3.718272842641359,NA,NA,3.7110516532536924,-0.007221189387666804,True,1.0350776843287548,NA,NA,1.0013224939771548,source_only_matrix_audit_no_high_dim_common_base_fd,NOT_RUN_HIGH_DIM_FD_COST,source_only_ERM_same_representation_seed,helps,NA,NA,0.001,L2,62,ERM,0,NA,source_only_common_projection_erm,NA
True,3.718272842641359,NA,NA,3.6990346643825505,-0.01923817825880869,True,1.0350776843287548,NA,NA,0.9333075342668019,source_only_matrix_audit_no_high_dim_common_base_fd,NOT_RUN_HIGH_DIM_FD_COST,source_only_ERM_same_representation_seed,helps,NA,NA,0.01,L2,62,ERM,0,NA,source_only_common_projection_erm,NA
True,3.718272842641359,NA,NA,3.6806851132947775,-0.03758772934658161,True,1.0350776843287548,NA,NA,0.7406614968469643,source_only_matrix_audit_no_high_dim_common_base_fd,NOT_RUN_HIGH_DIM_FD_COST,source_only_ERM_same_representation_seed,helps,NA,NA,0.1,L2,62,ERM,0,NA,source_only_common_projection_erm,NA
True,3.718272842641359,NA,NA,3.718264001895493,-8.840745866045552e-06,True,1.0350776843287548,NA,NA,1.0350581599755304,source_only_matrix_audit_no_high_dim_common_base_fd,NOT_RUN_HIGH_DIM_FD_COST,source_only_ERM_same_representation_seed,helps,NA,NA,0.001,IRMV1,62,ERM,0,NA,source_only_common_projection_erm,NA
True,3.718272842641359,NA,NA,3.718185243900477,-8.759874088193342e-05,True,1.0350776843287548,NA,NA,1.0348835363979998,source_only_matrix_audit_no_high_dim_common_base_fd,NOT_RUN_HIGH_DIM_FD_COST,source_only_ERM_same_representation_seed,helps,NA,NA,0.01,IRMV1,62,ERM,0,NA,source_only_common_projection_erm,NA
True,3.718272842641359,NA,NA,3.7174662622813908,-0.0008065803599683896,True,1.0350776843287548,NA,NA,1.0332357556947898,source_only_matrix_audit_no_high_dim_common_base_fd,NOT_RUN_HIGH_DIM_FD_COST,source_only_ERM_same_representation_seed,helps,NA,NA,0.1,IRMV1,62,ERM,0,NA,source_only_common_projection_erm,NA
True,3.718272842641359,NA,NA,3.718263455603458,-9.387037901209538e-06,True,1.0350776843287548,NA,NA,1.0350611068351423,source_only_matrix_audit_no_high_dim_common_base_fd,NOT_RUN_HIGH_DIM_FD_COST,source_only_ERM_same_representation_seed,helps,NA,NA,0.001,VREX,62,ERM,0,NA,source_only_common_projection_erm,NA
True,3.718272842641359,NA,NA,3.718179078503769,-9.376413759021318e-05,True,1.0350776843287548,NA,NA,1.034912525926406,source_only_matrix_audit_no_high_dim_common_base_fd,NOT_RUN_HIGH_DIM_FD_COST,source_only_ERM_same_representation_seed,helps,NA,NA,0.01,VREX,62,ERM,0,NA,source_only_common_projection_erm,NA
True,3.718272842641359,NA,NA,3.717345776825835,-0.0009270658155240419,True,1.0350776843287548,NA,NA,1.0334875279791174,source_only_matrix_audit_no_high_dim_common_base_fd,NOT_RUN_HIGH_DIM_FD_COST,source_only_ERM_same_representation_seed,helps,NA,NA,0.1,VREX,62,ERM,0,NA,source_only_common_projection_erm,NA
True,3.51678623138552,NA,NA,3.51678623138552,0.0,True,0.9963047171075644,NA,NA,0.9963047171075644,source_only_matrix_audit_no_high_dim_common_base_fd,NOT_RUN_HIGH_DIM_FD_COST,source_only_ERM_same_representation_seed,neutral,NA,NA,0.0,L2,62,IRMv1,0,NA,source_only_common_projection_irmv1,NA
True,3.51678623138552,NA,NA,3.5139798874591563,-0.002806343926363475,True,0.9963047171075644,NA,NA,0.9748758679867945,source_only_matrix_audit_no_high_dim_common_base_fd,NOT_RUN_HIGH_DIM_FD_COST,source_only_ERM_same_representation_seed,helps,NA,NA,0.001,L2,62,IRMv1,0,NA,source_only_common_projection_irmv1,NA
True,3.51678623138552,NA,NA,3.5126608420386733,-0.004125389346846475,True,0.9963047171075644,NA,NA,0.9451816075948387,source_only_matrix_audit_no_high_dim_common_base_fd,NOT_RUN_HIGH_DIM_FD_COST,source_only_ERM_same_representation_seed,helps,NA,NA,0.01,L2,62,IRMv1,0,NA,source_only_common_projection_irmv1,NA
True,3.51678623138552,NA,NA,3.4929316246242403,-0.023854606761279484,True,0.9963047171075644,NA,NA,0.8750223775191671,source_only_matrix_audit_no_high_dim_common_base_fd,NOT_RUN_HIGH_DIM_FD_COST,source_only_ERM_same_representation_seed,helps,NA,NA,0.1,L2,62,IRMv1,0,NA,source_only_common_projection_irmv1,NA
True,3.51678623138552,NA,NA,3.51677809831637,-8.13306914970724e-06,True,0.9963047171075644,NA,NA,0.9962899048218116,source_only_matrix_audit_no_high_dim_common_base_fd,NOT_RUN_HIGH_DIM_FD_COST,source_only_ERM_same_representation_seed,helps,NA,NA,0.001,IRMV1,62,IRMv1,0,NA,source_only_common_projection_irmv1,NA
True,3.51678623138552,NA,NA,3.5167058049112376,-8.042647428219141e-05,True,0.9963047171075644,NA,NA,0.9961578885638399,source_only_matrix_audit_no_high_dim_common_base_fd,NOT_RUN_HIGH_DIM_FD_COST,source_only_ERM_same_representation_seed,helps,NA,NA,0.01,IRMV1,62,IRMv1,0,NA,source_only_common_projection_irmv1,NA
True,3.51678623138552,NA,NA,3.516059457616913,-0.0007267737686067477,True,0.9963047171075644,NA,NA,0.9949524593568603,source_only_matrix_audit_no_high_dim_common_base_fd,NOT_RUN_HIGH_DIM_FD_COST,source_only_ERM_same_representation_seed,helps,NA,NA,0.1,IRMV1,62,IRMv1,0,NA,source_only_common_projection_irmv1,NA
True,3.51678623138552,NA,NA,3.516777659355711,-8.572029808640025e-06,True,0.9963047171075644,NA,NA,0.9962916066680292,source_only_matrix_audit_no_high_dim_common_base_fd,NOT_RUN_HIGH_DIM_FD_COST,source_only_ERM_same_representation_seed,helps,NA,NA,0.001,VREX,62,IRMv1,0,NA,source_only_common_projection_irmv1,NA
True,3.51678623138552,NA,NA,3.5167006354158112,-8.559596970858507e-05,True,0.9963047171075644,NA,NA,0.9961742455960775,source_only_matrix_audit_no_high_dim_common_base_fd,NOT_RUN_HIGH_DIM_FD_COST,source_only_ERM_same_representation_seed,helps,NA,NA,0.01,VREX,62,IRMv1,0,NA,source_only_common_projection_irmv1,NA
True,3.51678623138552,NA,NA,3.5159426543031866,-0.0008435770823331801,True,0.9963047171075644,NA,NA,0.9950630844104152,source_only_matrix_audit_no_high_dim_common_base_fd,NOT_RUN_HIGH_DIM_FD_COST,source_only_ERM_same_representation_seed,helps,NA,NA,0.1,VREX,62,IRMv1,0,NA,source_only_common_projection_irmv1,NA
True,3.7552514325919124,NA,NA,3.7552514325919124,0.0,True,1.0397654357371418,NA,NA,1.0397654357371418,source_only_matrix_audit_no_high_dim_common_base_fd,NOT_RUN_HIGH_DIM_FD_COST,source_only_ERM_same_representation_seed,neutral,NA,NA,0.0,L2,56,ERM,1,NA,source_only_common_projection_erm,NA
True,3.7552514325919124,NA,NA,3.741880682422148,-0.01337075016976419,True,1.0397654357371418,NA,NA,0.9878763010485295,source_only_matrix_audit_no_high_dim_common_base_fd,NOT_RUN_HIGH_DIM_FD_COST,source_only_ERM_same_representation_seed,helps,NA,NA,0.001,L2,56,ERM,1,NA,source_only_common_projection_erm,NA
True,3.7552514325919124,NA,NA,3.720739414343601,-0.03451201824831163,True,1.0397654357371418,NA,NA,0.9065378134641986,source_only_matrix_audit_no_high_dim_common_base_fd,NOT_RUN_HIGH_DIM_FD_COST,source_only_ERM_same_representation_seed,helps,NA,NA,0.01,L2,56,ERM,1,NA,source_only_common_projection_erm,NA
True,3.7552514325919124,NA,NA,3.691579514770315,-0.0636719178215972,True,1.0397654357371418,NA,NA,0.7007755075371108,source_only_matrix_audit_no_high_dim_common_base_fd,NOT_RUN_HIGH_DIM_FD_COST,source_only_ERM_same_representation_seed,helps,NA,NA,0.1,L2,56,ERM,1,NA,source_only_common_projection_erm,NA
True,3.7552514325919124,NA,NA,3.7552427255080576,-8.707083854808673e-06,True,1.0397654357371418,NA,NA,1.0397454168412894,source_only_matrix_audit_no_high_dim_common_base_fd,NOT_RUN_HIGH_DIM_FD_COST,source_only_ERM_same_representation_seed,helps,NA,NA,0.001,IRMV1,56,ERM,1,NA,source_only_common_projection_erm,NA
True,3.7552514325919124,NA,NA,3.755165195867966,-8.623672394625359e-05,True,1.0397654357371418,NA,NA,1.039566352224563,source_only_matrix_audit_no_high_dim_common_base_fd,NOT_RUN_HIGH_DIM_FD_COST,source_only_ERM_same_representation_seed,helps,NA,NA,0.01,IRMV1,56,ERM,1,NA,source_only_common_projection_erm,NA
True,3.7552514325919124,NA,NA,3.755242108854089,-9.323737823585532e-06,True,1.0397654357371418,NA,NA,1.0397485882345532,source_only_matrix_audit_no_high_dim_common_base_fd,NOT_RUN_HIGH_DIM_FD_COST,source_only_ERM_same_representation_seed,helps,NA,NA,0.001,VREX,56,ERM,1,NA,source_only_common_projection_erm,NA
True,3.7552514325919124,NA,NA,3.754330334001396,-0.0009210985905165892,True,1.0397654357371418,NA,NA,1.0381482480735742,source_only_matrix_audit_no_high_dim_common_base_fd,NOT_RUN_HIGH_DIM_FD_COST,source_only_ERM_same_representation_seed,helps,NA,NA,0.1,VREX,56,ERM,1,NA,source_only_common_projection_erm,NA
True,3.548478039927742,NA,NA,3.548478039927742,0.0,True,0.983247674892452,NA,NA,0.983247674892452,source_only_matrix_audit_no_high_dim_common_base_fd,NOT_RUN_HIGH_DIM_FD_COST,source_only_ERM_same_representation_seed,neutral,NA,NA,0.0,L2,56,IRMv1,1,NA,source_only_common_projection_irmv1,NA
True,3.548478039927742,NA,NA,3.5476221515300326,-0.0008558883977092258,True,0.983247674892452,NA,NA,0.9662002198869594,source_only_matrix_audit_no_high_dim_common_base_fd,NOT_RUN_HIGH_DIM_FD_COST,source_only_ERM_same_representation_seed,helps,NA,NA,0.001,L2,56,IRMv1,1,NA,source_only_common_projection_irmv1,NA
True,3.548478039927742,NA,NA,3.5411758336643233,-0.007302206263418487,True,0.983247674892452,NA,NA,0.9359098889050065,source_only_matrix_audit_no_high_dim_common_base_fd,NOT_RUN_HIGH_DIM_FD_COST,source_only_ERM_same_representation_seed,helps,NA,NA,0.01,L2,56,IRMv1,1,NA,source_only_common_projection_irmv1,NA
True,3.548478039927742,NA,NA,3.509026353880983,-0.03945168604675864,True,0.983247674892452,NA,NA,0.8664329996805231,source_only_matrix_audit_no_high_dim_common_base_fd,NOT_RUN_HIGH_DIM_FD_COST,source_only_ERM_same_representation_seed,helps,NA,NA,0.1,L2,56,IRMv1,1,NA,source_only_common_projection_irmv1,NA
True,3.548478039927742,NA,NA,3.5484705646400743,-7.4752876675354685e-06,True,0.983247674892452,NA,NA,0.9832334019267815,source_only_matrix_audit_no_high_dim_common_base_fd,NOT_RUN_HIGH_DIM_FD_COST,source_only_ERM_same_representation_seed,helps,NA,NA,0.001,IRMV1,56,IRMv1,1,NA,source_only_common_projection_irmv1,NA
True,3.548478039927742,NA,NA,3.5484041457068627,-7.389422087911157e-05,True,0.983247674892452,NA,NA,0.9831061463527697,source_only_matrix_audit_no_high_dim_common_base_fd,NOT_RUN_HIGH_DIM_FD_COST,source_only_ERM_same_representation_seed,helps,NA,NA,0.01,IRMV1,56,IRMv1,1,NA,source_only_common_projection_irmv1,NA
True,3.548478039927742,NA,NA,3.5478126565525923,-0.0006653833751495419,True,0.983247674892452,NA,NA,0.9819403993265845,source_only_matrix_audit_no_high_dim_common_base_fd,NOT_RUN_HIGH_DIM_FD_COST,source_only_ERM_same_representation_seed,helps,NA,NA,0.1,IRMV1,56,IRMv1,1,NA,source_only_common_projection_irmv1,NA
True,3.548478039927742,NA,NA,3.548470011476504,-8.028451237596101e-06,True,0.983247674892452,NA,NA,0.9832351456842549,source_only_matrix_audit_no_high_dim_common_base_fd,NOT_RUN_HIGH_DIM_FD_COST,source_only_ERM_same_representation_seed,helps,NA,NA,0.001,VREX,56,IRMv1,1,NA,source_only_common_projection_irmv1,NA
True,3.548478039927742,NA,NA,3.548397869313071,-8.01706146709158e-05,True,0.983247674892452,NA,NA,0.9831229914497306,source_only_matrix_audit_no_high_dim_common_base_fd,NOT_RUN_HIGH_DIM_FD_COST,source_only_ERM_same_representation_seed,helps,NA,NA,0.01,VREX,56,IRMv1,1,NA,source_only_common_projection_irmv1,NA
True,3.548478039927742,NA,NA,3.547687678772683,-0.0007903611550585943,True,0.983247674892452,NA,NA,0.9820615117837194,source_only_matrix_audit_no_high_dim_common_base_fd,NOT_RUN_HIGH_DIM_FD_COST,source_only_ERM_same_representation_seed,helps,NA,NA,0.1,VREX,56,IRMv1,1,NA,source_only_common_projection_irmv1,NA
True,3.7414750337097025,NA,NA,3.7414750337097025,0.0,True,1.0436514641126244,NA,NA,1.0436514641126244,source_only_matrix_audit_no_high_dim_common_base_fd,NOT_RUN_HIGH_DIM_FD_COST,source_only_ERM_same_representation_seed,neutral,NA,NA,0.0,L2,64,ERM,2,NA,source_only_common_projection_erm,NA
True,3.7414750337097025,NA,NA,3.726723539866656,-0.014751493843046415,True,1.0436514641126244,NA,NA,0.9980118342712506,source_only_matrix_audit_no_high_dim_common_base_fd,NOT_RUN_HIGH_DIM_FD_COST,source_only_ERM_same_representation_seed,helps,NA,NA,0.001,L2,64,ERM,2,NA,source_only_common_projection_erm,NA
True,3.7414750337097025,NA,NA,3.7138035416407114,-0.02767149206899111,True,1.0436514641126244,NA,NA,0.9336884040852707,source_only_matrix_audit_no_high_dim_common_base_fd,NOT_RUN_HIGH_DIM_FD_COST,source_only_ERM_same_representation_seed,helps,NA,NA,0.01,L2,64,ERM,2,NA,source_only_common_projection_erm,NA
True,3.7414750337097025,NA,NA,3.6824761733296363,-0.05899886038006619,True,1.0436514641126244,NA,NA,0.7395346308544434,source_only_matrix_audit_no_high_dim_common_base_fd,NOT_RUN_HIGH_DIM_FD_COST,source_only_ERM_same_representation_seed,helps,NA,NA,0.1,L2,64,ERM,2,NA,source_only_common_projection_erm,NA
True,3.7414750337097025,NA,NA,3.741466291404446,-8.7423052566038e-06,True,1.0436514641126244,NA,NA,1.0436315986773321,source_only_matrix_audit_no_high_dim_common_base_fd,NOT_RUN_HIGH_DIM_FD_COST,source_only_ERM_same_representation_seed,helps,NA,NA,0.001,IRMV1,64,ERM,2,NA,source_only_common_projection_erm,NA
True,3.7414750337097025,NA,NA,3.7413883851251954,-8.664858450702084e-05,True,1.0436514641126244,NA,NA,1.043453836079741,source_only_matrix_audit_no_high_dim_common_base_fd,NOT_RUN_HIGH_DIM_FD_COST,source_only_ERM_same_representation_seed,helps,NA,NA,0.01,IRMV1,64,ERM,2,NA,source_only_common_projection_erm,NA
True,3.7414750337097025,NA,NA,3.7414654061772423,-9.627532460143584e-06,True,1.0436514641126244,NA,NA,1.043634161619936,source_only_matrix_audit_no_high_dim_common_base_fd,NOT_RUN_HIGH_DIM_FD_COST,source_only_ERM_same_representation_seed,helps,NA,NA,0.001,VREX,64,ERM,2,NA,source_only_common_projection_erm,NA
True,3.7414750337097025,NA,NA,3.7413788628998184,-9.617080988411075e-05,True,1.0436514641126244,NA,NA,1.04347905000327,source_only_matrix_audit_no_high_dim_common_base_fd,NOT_RUN_HIGH_DIM_FD_COST,source_only_ERM_same_representation_seed,helps,NA,NA,0.01,VREX,64,ERM,2,NA,source_only_common_projection_erm,NA
True,3.7414750337097025,NA,NA,3.740523728222932,-0.0009513054867702486,True,1.0436514641126244,NA,NA,1.0419881761080456,source_only_matrix_audit_no_high_dim_common_base_fd,NOT_RUN_HIGH_DIM_FD_COST,source_only_ERM_same_representation_seed,helps,NA,NA,0.1,VREX,64,ERM,2,NA,source_only_common_projection_erm,NA
True,3.5320745830704396,NA,NA,3.5320745830704396,0.0,True,1.0004508833139,NA,NA,1.0004508833139,source_only_matrix_audit_no_high_dim_common_base_fd,NOT_RUN_HIGH_DIM_FD_COST,source_only_ERM_same_representation_seed,neutral,NA,NA,0.0,L2,64,IRMv1,2,NA,source_only_common_projection_irmv1,NA
True,3.5320745830704396,NA,NA,3.533884645812414,0.00181006274197415,True,1.0004508833139,NA,NA,0.9893783519002771,source_only_matrix_audit_no_high_dim_common_base_fd,NOT_RUN_HIGH_DIM_FD_COST,source_only_ERM_same_representation_seed,hurts,NA,NA,0.001,L2,64,IRMv1,2,NA,source_only_common_projection_irmv1,NA
True,3.5320745830704396,NA,NA,3.532029523961038,-4.505910940144631e-05,True,1.0004508833139,NA,NA,0.9641842473561013,source_only_matrix_audit_no_high_dim_common_base_fd,NOT_RUN_HIGH_DIM_FD_COST,source_only_ERM_same_representation_seed,helps,NA,NA,0.01,L2,64,IRMv1,2,NA,source_only_common_projection_irmv1,NA
True,3.5320745830704396,NA,NA,3.5228695506708827,-0.009205032399556945,True,1.0004508833139,NA,NA,0.9081635458536892,source_only_matrix_audit_no_high_dim_common_base_fd,NOT_RUN_HIGH_DIM_FD_COST,source_only_ERM_same_representation_seed,helps,NA,NA,0.1,L2,64,IRMv1,2,NA,source_only_common_projection_irmv1,NA
True,3.5320745830704396,NA,NA,3.5320666630818267,-7.919988612936635e-06,True,1.0004508833139,NA,NA,1.0004357690817092,source_only_matrix_audit_no_high_dim_common_base_fd,NOT_RUN_HIGH_DIM_FD_COST,source_only_ERM_same_representation_seed,helps,NA,NA,0.001,IRMV1,64,IRMv1,2,NA,source_only_common_projection_irmv1,NA
True,3.5320745830704396,NA,NA,3.5313635021352403,-0.0007110809351993375,True,1.0004508833139,NA,NA,0.9990574864019743,source_only_matrix_audit_no_high_dim_common_base_fd,NOT_RUN_HIGH_DIM_FD_COST,source_only_ERM_same_representation_seed,helps,NA,NA,0.1,IRMV1,64,IRMv1,2,NA,source_only_common_projection_irmv1,NA
True,3.5320745830704396,NA,NA,3.532065998742177,-8.584328262450924e-06,True,1.0004508833139,NA,NA,1.0004374550675972,source_only_matrix_audit_no_high_dim_common_base_fd,NOT_RUN_HIGH_DIM_FD_COST,source_only_ERM_same_representation_seed,helps,NA,NA,0.001,VREX,64,IRMv1,2,NA,source_only_common_projection_irmv1,NA
True,3.5320745830704396,NA,NA,3.5319888594644047,-8.572360603498197e-05,True,1.0004508833139,NA,NA,1.0003172273389738,source_only_matrix_audit_no_high_dim_common_base_fd,NOT_RUN_HIGH_DIM_FD_COST,source_only_ERM_same_representation_seed,helps,NA,NA,0.01,VREX,64,IRMv1,2,NA,source_only_common_projection_irmv1,NA
True,3.5320745830704396,NA,NA,3.5312292655722737,-0.000845317498165965,True,1.0004508833139,NA,NA,0.9991767660361451,source_only_matrix_audit_no_high_dim_common_base_fd,NOT_RUN_HIGH_DIM_FD_COST,source_only_ERM_same_representation_seed,helps,NA,NA,0.1,VREX,64,IRMv1,2,NA,source_only_common_projection_irmv1,NA
True,3.788726704943546,NA,NA,3.788726704943546,0.0,True,1.0339407037318866,NA,NA,1.0339407037318866,source_only_matrix_audit_no_high_dim_common_base_fd,NOT_RUN_HIGH_DIM_FD_COST,source_only_ERM_same_representation_seed,neutral,NA,NA,0.0,L2,64,ERM,3,NA,source_only_common_projection_erm,NA
True,3.788726704943546,NA,NA,3.777136066146689,-0.011590638796856734,True,1.0339407037318866,NA,NA,0.9626844732125317,source_only_matrix_audit_no_high_dim_common_base_fd,NOT_RUN_HIGH_DIM_FD_COST,source_only_ERM_same_representation_seed,helps,NA,NA,0.001,L2,64,ERM,3,NA,source_only_common_projection_erm,NA
True,3.788726704943546,NA,NA,3.755711375087485,-0.033015329856060927,True,1.0339407037318866,NA,NA,0.8390197616767368,source_only_matrix_audit_no_high_dim_common_base_fd,NOT_RUN_HIGH_DIM_FD_COST,source_only_ERM_same_representation_seed,helps,NA,NA,0.01,L2,64,ERM,3,NA,source_only_common_projection_erm,NA
True,3.788726704943546,NA,NA,3.7394310987240633,-0.04929560621948248,True,1.0339407037318866,NA,NA,0.6508303277236984,source_only_matrix_audit_no_high_dim_common_base_fd,NOT_RUN_HIGH_DIM_FD_COST,source_only_ERM_same_representation_seed,helps,NA,NA,0.1,L2,64,ERM,3,NA,source_only_common_projection_erm,NA
True,3.788726704943546,NA,NA,3.7887182907701766,-8.414173369164502e-06,True,1.0339407037318866,NA,NA,1.03392113259893,source_only_matrix_audit_no_high_dim_common_base_fd,NOT_RUN_HIGH_DIM_FD_COST,source_only_ERM_same_representation_seed,helps,NA,NA,0.001,IRMV1,64,ERM,3,NA,source_only_common_projection_erm,NA
True,3.788726704943546,NA,NA,3.7879588036860574,-0.0007679012574883792,True,1.0339407037318866,NA,NA,1.0320902567600598,source_only_matrix_audit_no_high_dim_common_base_fd,NOT_RUN_HIGH_DIM_FD_COST,source_only_ERM_same_representation_seed,helps,NA,NA,0.1,IRMV1,64,ERM,3,NA,source_only_common_projection_erm,NA
True,3.788726704943546,NA,NA,3.788717584522405,-9.120421140984547e-06,True,1.0339407037318866,NA,NA,1.0339240134667156,source_only_matrix_audit_no_high_dim_common_base_fd,NOT_RUN_HIGH_DIM_FD_COST,source_only_ERM_same_representation_seed,helps,NA,NA,0.001,VREX,64,ERM,3,NA,source_only_common_projection_erm,NA
True,3.788726704943546,NA,NA,3.788635598631627,-9.110631191866503e-05,True,1.0339407037318866,NA,NA,1.0337744008076952,source_only_matrix_audit_no_high_dim_common_base_fd,NOT_RUN_HIGH_DIM_FD_COST,source_only_ERM_same_representation_seed,helps,NA,NA,0.01,VREX,64,ERM,3,NA,source_only_common_projection_erm,NA
True,3.788726704943546,NA,NA,3.787825386976471,-0.0009013179670747107,True,1.0339407037318866,NA,NA,1.0323374274324293,source_only_matrix_audit_no_high_dim_common_base_fd,NOT_RUN_HIGH_DIM_FD_COST,source_only_ERM_same_representation_seed,helps,NA,NA,0.1,VREX,64,ERM,3,NA,source_only_common_projection_erm,NA
True,3.5350199446707813,NA,NA,3.5350199446707813,0.0,True,0.9951293848386034,NA,NA,0.9951293848386034,source_only_matrix_audit_no_high_dim_common_base_fd,NOT_RUN_HIGH_DIM_FD_COST,source_only_ERM_same_representation_seed,neutral,NA,NA,0.0,L2,64,IRMv1,3,NA,source_only_common_projection_irmv1,NA
True,3.5350199446707813,NA,NA,3.5350697217506677,4.9777079886403897e-05,True,0.9951293848386034,NA,NA,0.975306774765221,source_only_matrix_audit_no_high_dim_common_base_fd,NOT_RUN_HIGH_DIM_FD_COST,source_only_ERM_same_representation_seed,hurts,NA,NA,0.001,L2,64,IRMv1,3,NA,source_only_common_projection_irmv1,NA
True,3.5350199446707813,NA,NA,3.528101594157686,-0.006918350513095195,True,0.9951293848386034,NA,NA,0.9455579443429771,source_only_matrix_audit_no_high_dim_common_base_fd,NOT_RUN_HIGH_DIM_FD_COST,source_only_ERM_same_representation_seed,helps,NA,NA,0.01,L2,64,IRMv1,3,NA,source_only_common_projection_irmv1,NA
True,3.5350199446707813,NA,NA,3.4880519075012977,-0.04696803716948361,True,0.9951293848386034,NA,NA,0.8676364196569345,source_only_matrix_audit_no_high_dim_common_base_fd,NOT_RUN_HIGH_DIM_FD_COST,source_only_ERM_same_representation_seed,helps,NA,NA,0.1,L2,64,IRMv1,3,NA,source_only_common_projection_irmv1,NA
True,3.5350199446707813,NA,NA,3.535011933752057,-8.010918724377092e-06,True,0.9951293848386034,NA,NA,0.9951145423329274,source_only_matrix_audit_no_high_dim_common_base_fd,NOT_RUN_HIGH_DIM_FD_COST,source_only_ERM_same_representation_seed,helps,NA,NA,0.001,IRMV1,64,IRMv1,3,NA,source_only_common_projection_irmv1,NA
True,3.5350199446707813,NA,NA,3.534940715766388,-7.922890439315822e-05,True,0.9951293848386034,NA,NA,0.9949822219418876,source_only_matrix_audit_no_high_dim_common_base_fd,NOT_RUN_HIGH_DIM_FD_COST,source_only_ERM_same_representation_seed,helps,NA,NA,0.01,IRMV1,64,IRMv1,3,NA,source_only_common_projection_irmv1,NA
True,3.5350199446707813,NA,NA,3.5343030363406456,-0.0007169083301357126,True,0.9951293848386034,NA,NA,0.993771048982022,source_only_matrix_audit_no_high_dim_common_base_fd,NOT_RUN_HIGH_DIM_FD_COST,source_only_ERM_same_representation_seed,helps,NA,NA,0.1,IRMV1,64,IRMv1,3,NA,source_only_common_projection_irmv1,NA
True,3.5350199446707813,NA,NA,3.535011456230893,-8.488439888321153e-06,True,0.9951293848386034,NA,NA,0.9951163331885721,source_only_matrix_audit_no_high_dim_common_base_fd,NOT_RUN_HIGH_DIM_FD_COST,source_only_ERM_same_representation_seed,helps,NA,NA,0.001,VREX,64,IRMv1,3,NA,source_only_common_projection_irmv1,NA
True,3.5350199446707813,NA,NA,3.53493518150634,-8.47631644411706e-05,True,0.9951293848386034,NA,NA,0.9949994950258807,source_only_matrix_audit_no_high_dim_common_base_fd,NOT_RUN_HIGH_DIM_FD_COST,source_only_ERM_same_representation_seed,helps,NA,NA,0.01,VREX,64,IRMv1,3,NA,source_only_common_projection_irmv1,NA
True,3.5350199446707813,NA,NA,3.534184387579521,-0.0008355570912601529,True,0.9951293848386034,NA,NA,0.993892952066124,source_only_matrix_audit_no_high_dim_common_base_fd,NOT_RUN_HIGH_DIM_FD_COST,source_only_ERM_same_representation_seed,helps,NA,NA,0.1,VREX,64,IRMv1,3,NA,source_only_common_projection_irmv1,NA
True,3.6874209638329005,NA,NA,3.6874209638329005,0.0,True,1.044813642605581,NA,NA,1.044813642605581,source_only_matrix_audit_no_high_dim_common_base_fd,NOT_RUN_HIGH_DIM_FD_COST,source_only_ERM_same_representation_seed,neutral,NA,NA,0.0,L2,62,ERM,4,NA,source_only_common_projection_erm,NA
True,3.6874209638329005,NA,NA,3.6670145481245755,-0.02040641570832502,True,1.044813642605581,NA,NA,0.981983405941942,source_only_matrix_audit_no_high_dim_common_base_fd,NOT_RUN_HIGH_DIM_FD_COST,source_only_ERM_same_representation_seed,helps,NA,NA,0.001,L2,62,ERM,4,NA,source_only_common_projection_erm,NA
True,3.6874209638329005,NA,NA,3.6533097116287427,-0.03411125220415778,True,1.044813642605581,NA,NA,0.9107237013165441,source_only_matrix_audit_no_high_dim_common_base_fd,NOT_RUN_HIGH_DIM_FD_COST,source_only_ERM_same_representation_seed,helps,NA,NA,0.01,L2,62,ERM,4,NA,source_only_common_projection_erm,NA
True,3.6874209638329005,NA,NA,3.627899520051023,-0.059521443781877625,True,1.044813642605581,NA,NA,0.7357045410964216,source_only_matrix_audit_no_high_dim_common_base_fd,NOT_RUN_HIGH_DIM_FD_COST,source_only_ERM_same_representation_seed,helps,NA,NA,0.1,L2,62,ERM,4,NA,source_only_common_projection_erm,NA
True,3.6874209638329005,NA,NA,3.6874119623015877,-9.001531312780031e-06,True,1.044813642605581,NA,NA,1.0447937385105754,source_only_matrix_audit_no_high_dim_common_base_fd,NOT_RUN_HIGH_DIM_FD_COST,source_only_ERM_same_representation_seed,helps,NA,NA,0.001,IRMV1,62,ERM,4,NA,source_only_common_projection_erm,NA
True,3.6874209638329005,NA,NA,3.6873317552275484,-8.920860535210906e-05,True,1.044813642605581,NA,NA,1.0446156655618495,source_only_matrix_audit_no_high_dim_common_base_fd,NOT_RUN_HIGH_DIM_FD_COST,source_only_ERM_same_representation_seed,helps,NA,NA,0.01,IRMV1,62,ERM,4,NA,source_only_common_projection_erm,NA
True,3.6874209638329005,NA,NA,3.6865980852559166,-0.000822878576983932,True,1.044813642605581,NA,NA,1.0429305666917403,source_only_matrix_audit_no_high_dim_common_base_fd,NOT_RUN_HIGH_DIM_FD_COST,source_only_ERM_same_representation_seed,helps,NA,NA,0.1,IRMV1,62,ERM,4,NA,source_only_common_projection_erm,NA
True,3.6874209638329005,NA,NA,3.6874111942901306,-9.769542769877404e-06,True,1.044813642605581,NA,NA,1.0447963646512193,source_only_matrix_audit_no_high_dim_common_base_fd,NOT_RUN_HIGH_DIM_FD_COST,source_only_ERM_same_representation_seed,helps,NA,NA,0.001,VREX,62,ERM,4,NA,source_only_common_projection_erm,NA
True,3.6874209638329005,NA,NA,3.6873233770352605,-9.758679764004796e-05,True,1.044813642605581,NA,NA,1.0446414793683998,source_only_matrix_audit_no_high_dim_common_base_fd,NOT_RUN_HIGH_DIM_FD_COST,source_only_ERM_same_representation_seed,helps,NA,NA,0.01,VREX,62,ERM,4,NA,source_only_common_projection_erm,NA
True,3.6874209638329005,NA,NA,3.6864559080103416,-0.0009650558225589023,True,1.044813642605581,NA,NA,1.0431534100787618,source_only_matrix_audit_no_high_dim_common_base_fd,NOT_RUN_HIGH_DIM_FD_COST,source_only_ERM_same_representation_seed,helps,NA,NA,0.1,VREX,62,ERM,4,NA,source_only_common_projection_erm,NA
True,3.454224903260558,NA,NA,3.454224903260558,0.0,True,1.0012445775963987,NA,NA,1.0012445775963987,source_only_matrix_audit_no_high_dim_common_base_fd,NOT_RUN_HIGH_DIM_FD_COST,source_only_ERM_same_representation_seed,neutral,NA,NA,0.0,L2,62,IRMv1,4,NA,source_only_common_projection_irmv1,NA
True,3.454224903260558,NA,NA,3.449475458605383,-0.004749444655174795,True,1.0012445775963987,NA,NA,0.9876783548165249,source_only_matrix_audit_no_high_dim_common_base_fd,NOT_RUN_HIGH_DIM_FD_COST,source_only_ERM_same_representation_seed,helps,NA,NA,0.001,L2,62,IRMv1,4,NA,source_only_common_projection_irmv1,NA
True,3.454224903260558,NA,NA,3.4422644925867094,-0.011960410673848454,True,1.0012445775963987,NA,NA,0.95932175195761,source_only_matrix_audit_no_high_dim_common_base_fd,NOT_RUN_HIGH_DIM_FD_COST,source_only_ERM_same_representation_seed,helps,NA,NA,0.01,L2,62,IRMv1,4,NA,source_only_common_projection_irmv1,NA
True,3.454224903260558,NA,NA,3.4274807636562503,-0.02674413960430755,True,1.0012445775963987,NA,NA,0.8950657046743402,source_only_matrix_audit_no_high_dim_common_base_fd,NOT_RUN_HIGH_DIM_FD_COST,source_only_ERM_same_representation_seed,helps,NA,NA,0.1,L2,62,IRMv1,4,NA,source_only_common_projection_irmv1,NA
True,3.454224903260558,NA,NA,3.4542162936659118,-8.609594646102892e-06,True,1.0012445775963987,NA,NA,1.001229108357996,source_only_matrix_audit_no_high_dim_common_base_fd,NOT_RUN_HIGH_DIM_FD_COST,source_only_ERM_same_representation_seed,helps,NA,NA,0.001,IRMV1,62,IRMv1,4,NA,source_only_common_projection_irmv1,NA
True,3.454224903260558,NA,NA,3.454139722987323,-8.518027323489719e-05,True,1.0012445775963987,NA,NA,1.0010911646806484,source_only_matrix_audit_no_high_dim_common_base_fd,NOT_RUN_HIGH_DIM_FD_COST,source_only_ERM_same_representation_seed,helps,NA,NA,0.01,IRMV1,62,IRMv1,4,NA,source_only_common_projection_irmv1,NA
True,3.454224903260558,NA,NA,3.454216039265732,-8.86399482569189e-06,True,1.0012445775963987,NA,NA,1.0012312485057298,source_only_matrix_audit_no_high_dim_common_base_fd,NOT_RUN_HIGH_DIM_FD_COST,source_only_ERM_same_representation_seed,helps,NA,NA,0.001,VREX,62,IRMv1,4,NA,source_only_common_projection_irmv1,NA
True,3.454224903260558,NA,NA,3.45413639072011,-8.851254044772716e-05,True,1.0012445775963987,NA,NA,1.001111917254768,source_only_matrix_audit_no_high_dim_common_base_fd,NOT_RUN_HIGH_DIM_FD_COST,source_only_ERM_same_representation_seed,helps,NA,NA,0.01,VREX,62,IRMv1,4,NA,source_only_common_projection_irmv1,NA
True,3.77827469650771,NA,NA,3.77827469650771,0.0,True,1.0416638044913458,NA,NA,1.0416638044913458,source_only_matrix_audit_no_high_dim_common_base_fd,NOT_RUN_HIGH_DIM_FD_COST,source_only_ERM_same_representation_seed,neutral,NA,NA,0.0,L2,62,ERM,5,NA,source_only_common_projection_erm,NA
True,3.77827469650771,NA,NA,3.768785633550115,-0.009489062957594996,True,1.0416638044913458,NA,NA,1.0021794524033985,source_only_matrix_audit_no_high_dim_common_base_fd,NOT_RUN_HIGH_DIM_FD_COST,source_only_ERM_same_representation_seed,helps,NA,NA,0.001,L2,62,ERM,5,NA,source_only_common_projection_erm,NA
True,3.77827469650771,NA,NA,3.7494899366704852,-0.028784759837224616,True,1.0416638044913458,NA,NA,0.9287631905696804,source_only_matrix_audit_no_high_dim_common_base_fd,NOT_RUN_HIGH_DIM_FD_COST,source_only_ERM_same_representation_seed,helps,NA,NA,0.01,L2,62,ERM,5,NA,source_only_common_projection_erm,NA
True,3.77827469650771,NA,NA,3.7198319536888294,-0.05844274281888051,True,1.0416638044913458,NA,NA,0.7408586156317708,source_only_matrix_audit_no_high_dim_common_base_fd,NOT_RUN_HIGH_DIM_FD_COST,source_only_ERM_same_representation_seed,helps,NA,NA,0.1,L2,62,ERM,5,NA,source_only_common_projection_erm,NA
True,3.77827469650771,NA,NA,3.778266170597605,-8.525910105028345e-06,True,1.0416638044913458,NA,NA,1.0416442702160527,source_only_matrix_audit_no_high_dim_common_base_fd,NOT_RUN_HIGH_DIM_FD_COST,source_only_ERM_same_representation_seed,helps,NA,NA,0.001,IRMV1,62,ERM,5,NA,source_only_common_projection_erm,NA
True,3.77827469650771,NA,NA,3.7781902431069088,-8.445340080109887e-05,True,1.0416638044913458,NA,NA,1.0414695490631418,source_only_matrix_audit_no_high_dim_common_base_fd,NOT_RUN_HIGH_DIM_FD_COST,source_only_ERM_same_representation_seed,helps,NA,NA,0.01,IRMV1,62,ERM,5,NA,source_only_common_projection_erm,NA
True,3.77827469650771,NA,NA,3.777499195265207,-0.0007755012425030294,True,1.0416638044913458,NA,NA,1.0398200102695943,source_only_matrix_audit_no_high_dim_common_base_fd,NOT_RUN_HIGH_DIM_FD_COST,source_only_ERM_same_representation_seed,helps,NA,NA,0.1,IRMV1,62,ERM,5,NA,source_only_common_projection_erm,NA
True,3.77827469650771,NA,NA,3.7782653677150497,-9.328792660134866e-06,True,1.0416638044913458,NA,NA,1.0416469733337455,source_only_matrix_audit_no_high_dim_common_base_fd,NOT_RUN_HIGH_DIM_FD_COST,source_only_ERM_same_representation_seed,helps,NA,NA,0.001,VREX,62,ERM,5,NA,source_only_common_projection_erm,NA
True,3.77827469650771,NA,NA,3.7781815110131385,-9.318549457137948e-05,True,1.0416638044913458,NA,NA,1.041496114690461,source_only_matrix_audit_no_high_dim_common_base_fd,NOT_RUN_HIGH_DIM_FD_COST,source_only_ERM_same_representation_seed,helps,NA,NA,0.01,VREX,62,ERM,5,NA,source_only_common_projection_erm,NA
True,3.77827469650771,NA,NA,3.7773530373156947,-0.0009216591920151451,True,1.0416638044913458,NA,NA,1.040048853967584,source_only_matrix_audit_no_high_dim_common_base_fd,NOT_RUN_HIGH_DIM_FD_COST,source_only_ERM_same_representation_seed,helps,NA,NA,0.1,VREX,62,ERM,5,NA,source_only_common_projection_erm,NA
True,3.537081105074452,NA,NA,3.537081105074452,0.0,True,0.9966395197508862,NA,NA,0.9966395197508862,source_only_matrix_audit_no_high_dim_common_base_fd,NOT_RUN_HIGH_DIM_FD_COST,source_only_ERM_same_representation_seed,neutral,NA,NA,0.0,L2,62,IRMv1,5,NA,source_only_common_projection_irmv1,NA
True,3.537081105074452,NA,NA,3.5343880392567795,-0.0026930658176724798,True,0.9966395197508862,NA,NA,0.9728930545569031,source_only_matrix_audit_no_high_dim_common_base_fd,NOT_RUN_HIGH_DIM_FD_COST,source_only_ERM_same_representation_seed,helps,NA,NA,0.001,L2,62,IRMv1,5,NA,source_only_common_projection_irmv1,NA
True,3.537081105074452,NA,NA,3.5365746340528084,-0.0005064710216435842,True,0.9966395197508862,NA,NA,0.95267313432854,source_only_matrix_audit_no_high_dim_common_base_fd,NOT_RUN_HIGH_DIM_FD_COST,source_only_ERM_same_representation_seed,helps,NA,NA,0.01,L2,62,IRMv1,5,NA,source_only_common_projection_irmv1,NA
True,3.537081105074452,NA,NA,3.5242215385807296,-0.01285956649372233,True,0.9966395197508862,NA,NA,0.9031300886586033,source_only_matrix_audit_no_high_dim_common_base_fd,NOT_RUN_HIGH_DIM_FD_COST,source_only_ERM_same_representation_seed,helps,NA,NA,0.1,L2,62,IRMv1,5,NA,source_only_common_projection_irmv1,NA
True,3.537081105074452,NA,NA,3.537073234939998,-7.87013445391338e-06,True,0.9966395197508862,NA,NA,0.9966247498423356,source_only_matrix_audit_no_high_dim_common_base_fd,NOT_RUN_HIGH_DIM_FD_COST,source_only_ERM_same_representation_seed,helps,NA,NA,0.001,IRMV1,62,IRMv1,5,NA,source_only_common_projection_irmv1,NA
True,3.537081105074452,NA,NA,3.537003255293003,-7.784978144886878e-05,True,0.9966395197508862,NA,NA,0.9964930298456053,source_only_matrix_audit_no_high_dim_common_base_fd,NOT_RUN_HIGH_DIM_FD_COST,source_only_ERM_same_representation_seed,helps,NA,NA,0.01,IRMV1,62,IRMv1,5,NA,source_only_common_projection_irmv1,NA
True,3.537081105074452,NA,NA,3.5363755189615618,-0.0007055861128901775,True,0.9966395197508862,NA,NA,0.9952830881800818,source_only_matrix_audit_no_high_dim_common_base_fd,NOT_RUN_HIGH_DIM_FD_COST,source_only_ERM_same_representation_seed,helps,NA,NA,0.1,IRMV1,62,IRMv1,5,NA,source_only_common_projection_irmv1,NA
True,3.537081105074452,NA,NA,3.5370725935072347,-8.511567217261984e-06,True,0.9966395197508862,NA,NA,0.9966261463931884,source_only_matrix_audit_no_high_dim_common_base_fd,NOT_RUN_HIGH_DIM_FD_COST,source_only_ERM_same_representation_seed,helps,NA,NA,0.001,VREX,62,IRMv1,5,NA,source_only_common_projection_irmv1,NA
True,3.537081105074452,NA,NA,3.5369961063765882,-8.499869786371406e-05,True,0.9966395197508862,NA,NA,0.9965064003668375,source_only_matrix_audit_no_high_dim_common_base_fd,NOT_RUN_HIGH_DIM_FD_COST,source_only_ERM_same_representation_seed,helps,NA,NA,0.01,VREX,62,IRMv1,5,NA,source_only_common_projection_irmv1,NA
True,3.537081105074452,NA,NA,3.5362427678266664,-0.0008383372477855922,True,0.9966395197508862,NA,NA,0.9953695439007467,source_only_matrix_audit_no_high_dim_common_base_fd,NOT_RUN_HIGH_DIM_FD_COST,source_only_ERM_same_representation_seed,helps,NA,NA,0.1,VREX,62,IRMv1,5,NA,source_only_common_projection_irmv1,NA
True,3.7269850083658547,NA,NA,3.7269850083658547,0.0,True,1.0365392946184357,NA,NA,1.0365392946184357,source_only_matrix_audit_no_high_dim_common_base_fd,NOT_RUN_HIGH_DIM_FD_COST,source_only_ERM_same_representation_seed,neutral,NA,NA,0.0,L2,64,ERM,6,NA,source_only_common_projection_erm,NA
True,3.7269850083658547,NA,NA,3.713694202837857,-0.013290805527997662,True,1.0365392946184357,NA,NA,0.9827739650810211,source_only_matrix_audit_no_high_dim_common_base_fd,NOT_RUN_HIGH_DIM_FD_COST,source_only_ERM_same_representation_seed,helps,NA,NA,0.001,L2,64,ERM,6,NA,source_only_common_projection_erm,NA
True,3.7269850083658547,NA,NA,3.691843996813123,-0.03514101155273153,True,1.0365392946184357,NA,NA,0.878153216777645,source_only_matrix_audit_no_high_dim_common_base_fd,NOT_RUN_HIGH_DIM_FD_COST,source_only_ERM_same_representation_seed,helps,NA,NA,0.01,L2,64,ERM,6,NA,source_only_common_projection_erm,NA
True,3.7269850083658547,NA,NA,3.6616100327596786,-0.06537497560617611,True,1.0365392946184357,NA,NA,0.6687951024992119,source_only_matrix_audit_no_high_dim_common_base_fd,NOT_RUN_HIGH_DIM_FD_COST,source_only_ERM_same_representation_seed,helps,NA,NA,0.1,L2,64,ERM,6,NA,source_only_common_projection_erm,NA
True,3.7269850083658547,NA,NA,3.7269763871665775,-8.621199277136782e-06,True,1.0365392946184357,NA,NA,1.036519798027163,source_only_matrix_audit_no_high_dim_common_base_fd,NOT_RUN_HIGH_DIM_FD_COST,source_only_ERM_same_representation_seed,helps,NA,NA,0.001,IRMV1,64,ERM,6,NA,source_only_common_projection_erm,NA
True,3.7269850083658547,NA,NA,3.726899605682673,-8.540268318180111e-05,True,1.0365392946184357,NA,NA,1.0363453901948574,source_only_matrix_audit_no_high_dim_common_base_fd,NOT_RUN_HIGH_DIM_FD_COST,source_only_ERM_same_representation_seed,helps,NA,NA,0.01,IRMV1,64,ERM,6,NA,source_only_common_projection_erm,NA
True,3.7269850083658547,NA,NA,3.726200371777758,-0.0007846365880967987,True,1.0365392946184357,NA,NA,1.0346967890254455,source_only_matrix_audit_no_high_dim_common_base_fd,NOT_RUN_HIGH_DIM_FD_COST,source_only_ERM_same_representation_seed,helps,NA,NA,0.1,IRMV1,64,ERM,6,NA,source_only_common_projection_erm,NA
True,3.7269850083658547,NA,NA,3.7269756503011653,-9.35806468937983e-06,True,1.0365392946184357,NA,NA,1.0365226085362296,source_only_matrix_audit_no_high_dim_common_base_fd,NOT_RUN_HIGH_DIM_FD_COST,source_only_ERM_same_representation_seed,helps,NA,NA,0.001,VREX,64,ERM,6,NA,source_only_common_projection_erm,NA
True,3.7269850083658547,NA,NA,3.7268915326047947,-9.347576106000233e-05,True,1.0365392946184357,NA,NA,1.0363730483980134,source_only_matrix_audit_no_high_dim_common_base_fd,NOT_RUN_HIGH_DIM_FD_COST,source_only_ERM_same_representation_seed,helps,NA,NA,0.01,VREX,64,ERM,6,NA,source_only_common_projection_erm,NA
True,3.7269850083658547,NA,NA,3.7260606912209613,-0.0009243171448933829,True,1.0365392946184357,NA,NA,1.0349380668216486,source_only_matrix_audit_no_high_dim_common_base_fd,NOT_RUN_HIGH_DIM_FD_COST,source_only_ERM_same_representation_seed,helps,NA,NA,0.1,VREX,64,ERM,6,NA,source_only_common_projection_erm,NA
True,3.5530884084293795,NA,NA,3.5530884084293795,0.0,True,1.0004470992643224,NA,NA,1.0004470992643224,source_only_matrix_audit_no_high_dim_common_base_fd,NOT_RUN_HIGH_DIM_FD_COST,source_only_ERM_same_representation_seed,neutral,NA,NA,0.0,L2,64,IRMv1,6,NA,source_only_common_projection_irmv1,NA
True,3.5530884084293795,NA,NA,3.5530056658731417,-8.274255623774707e-05,True,1.0004470992643224,NA,NA,0.9853782457680729,source_only_matrix_audit_no_high_dim_common_base_fd,NOT_RUN_HIGH_DIM_FD_COST,source_only_ERM_same_representation_seed,helps,NA,NA,0.001,L2,64,IRMv1,6,NA,source_only_common_projection_irmv1,NA
True,3.5530884084293795,NA,NA,3.553245537730749,0.000157129301369352,True,1.0004470992643224,NA,NA,0.9564575135530239,source_only_matrix_audit_no_high_dim_common_base_fd,NOT_RUN_HIGH_DIM_FD_COST,source_only_ERM_same_representation_seed,hurts,NA,NA,0.01,L2,64,IRMv1,6,NA,source_only_common_projection_irmv1,NA
True,3.5530884084293795,NA,NA,3.534005858299397,-0.0190825501299825,True,1.0004470992643224,NA,NA,0.8908831877052248,source_only_matrix_audit_no_high_dim_common_base_fd,NOT_RUN_HIGH_DIM_FD_COST,source_only_ERM_same_representation_seed,helps,NA,NA,0.1,L2,64,IRMv1,6,NA,source_only_common_projection_irmv1,NA
True,3.5530884084293795,NA,NA,3.553080288013527,-8.120415852630458e-06,True,1.0004470992643224,NA,NA,1.0004316860441576,source_only_matrix_audit_no_high_dim_common_base_fd,NOT_RUN_HIGH_DIM_FD_COST,source_only_ERM_same_representation_seed,helps,NA,NA,0.001,IRMV1,64,IRMv1,6,NA,source_only_common_projection_irmv1,NA
True,3.5530884084293795,NA,NA,3.553008125705157,-8.028272422233584e-05,True,1.0004470992643224,NA,NA,1.0002942357905578,source_only_matrix_audit_no_high_dim_common_base_fd,NOT_RUN_HIGH_DIM_FD_COST,source_only_ERM_same_representation_seed,helps,NA,NA,0.01,IRMV1,64,IRMv1,6,NA,source_only_common_projection_irmv1,NA
True,3.5530884084293795,NA,NA,3.5523644601373294,-0.0007239482920500251,True,1.0004470992643224,NA,NA,0.9990325068436201,source_only_matrix_audit_no_high_dim_common_base_fd,NOT_RUN_HIGH_DIM_FD_COST,source_only_ERM_same_representation_seed,helps,NA,NA,0.1,IRMV1,64,IRMv1,6,NA,source_only_common_projection_irmv1,NA
True,3.5530884084293795,NA,NA,3.553079812774868,-8.595654511278639e-06,True,1.0004470992643224,NA,NA,1.0004336774296154,source_only_matrix_audit_no_high_dim_common_base_fd,NOT_RUN_HIGH_DIM_FD_COST,source_only_ERM_same_representation_seed,helps,NA,NA,0.001,VREX,64,IRMv1,6,NA,source_only_common_projection_irmv1,NA
True,3.5530884084293795,NA,NA,3.553002573589321,-8.583484005830755e-05,True,1.0004470992643224,NA,NA,1.0003135184135006,source_only_matrix_audit_no_high_dim_common_base_fd,NOT_RUN_HIGH_DIM_FD_COST,source_only_ERM_same_representation_seed,helps,NA,NA,0.01,VREX,64,IRMv1,6,NA,source_only_common_projection_irmv1,NA
True,3.5530884084293795,NA,NA,3.5522421806498996,-0.0008462277794798467,True,1.0004470992643224,NA,NA,0.9991748303441615,source_only_matrix_audit_no_high_dim_common_base_fd,NOT_RUN_HIGH_DIM_FD_COST,source_only_ERM_same_representation_seed,helps,NA,NA,0.1,VREX,64,IRMv1,6,NA,source_only_common_projection_irmv1,NA
True,3.7064357161611894,NA,NA,3.7064357161611894,0.0,True,1.0401413254587213,NA,NA,1.0401413254587213,source_only_matrix_audit_no_high_dim_common_base_fd,NOT_RUN_HIGH_DIM_FD_COST,source_only_ERM_same_representation_seed,neutral,NA,NA,0.0,L2,58,ERM,7,NA,source_only_common_projection_erm,NA
True,3.7064357161611894,NA,NA,3.690590858031341,-0.015844858129848483,True,1.0401413254587213,NA,NA,0.9899326741122129,source_only_matrix_audit_no_high_dim_common_base_fd,NOT_RUN_HIGH_DIM_FD_COST,source_only_ERM_same_representation_seed,helps,NA,NA,0.001,L2,58,ERM,7,NA,source_only_common_projection_erm,NA
True,3.7064357161611894,NA,NA,3.6751716062413227,-0.03126410991986672,True,1.0401413254587213,NA,NA,0.9111422645320157,source_only_matrix_audit_no_high_dim_common_base_fd,NOT_RUN_HIGH_DIM_FD_COST,source_only_ERM_same_representation_seed,helps,NA,NA,0.01,L2,58,ERM,7,NA,source_only_common_projection_erm,NA
True,3.7064357161611894,NA,NA,3.6499698844214645,-0.05646583173972486,True,1.0401413254587213,NA,NA,0.7113790848620454,source_only_matrix_audit_no_high_dim_common_base_fd,NOT_RUN_HIGH_DIM_FD_COST,source_only_ERM_same_representation_seed,helps,NA,NA,0.1,L2,58,ERM,7,NA,source_only_common_projection_erm,NA
True,3.7064357161611894,NA,NA,3.706426868564338,-8.84759685160219e-06,True,1.0401413254587213,NA,NA,1.0401217797314806,source_only_matrix_audit_no_high_dim_common_base_fd,NOT_RUN_HIGH_DIM_FD_COST,source_only_ERM_same_representation_seed,helps,NA,NA,0.001,IRMV1,58,ERM,7,NA,source_only_common_projection_erm,NA
True,3.7064357161611894,NA,NA,3.7063480312449872,-8.768491620214647e-05,True,1.0401413254587213,NA,NA,1.0399469357276367,source_only_matrix_audit_no_high_dim_common_base_fd,NOT_RUN_HIGH_DIM_FD_COST,source_only_ERM_same_representation_seed,helps,NA,NA,0.01,IRMV1,58,ERM,7,NA,source_only_common_projection_erm,NA
True,3.7064357161611894,NA,NA,3.70562678154868,-0.0008089346125093044,True,1.0401413254587213,NA,NA,1.038294452309185,source_only_matrix_audit_no_high_dim_common_base_fd,NOT_RUN_HIGH_DIM_FD_COST,source_only_ERM_same_representation_seed,helps,NA,NA,0.1,IRMV1,58,ERM,7,NA,source_only_common_projection_erm,NA
True,3.7064357161611894,NA,NA,3.7064261468723174,-9.56928887196895e-06,True,1.0401413254587213,NA,NA,1.0401243974719925,source_only_matrix_audit_no_high_dim_common_base_fd,NOT_RUN_HIGH_DIM_FD_COST,source_only_ERM_same_representation_seed,helps,NA,NA,0.001,VREX,58,ERM,7,NA,source_only_common_projection_erm,NA
True,3.7064357161611894,NA,NA,3.7063401306357586,-9.55855254307636e-05,True,1.0401413254587213,NA,NA,1.0399726622971703,source_only_matrix_audit_no_high_dim_common_base_fd,NOT_RUN_HIGH_DIM_FD_COST,source_only_ERM_same_representation_seed,helps,NA,NA,0.01,VREX,58,ERM,7,NA,source_only_common_projection_erm,NA
True,3.4753564361091365,NA,NA,3.4753564361091365,0.0,True,0.9852886206532001,NA,NA,0.9852886206532001,source_only_matrix_audit_no_high_dim_common_base_fd,NOT_RUN_HIGH_DIM_FD_COST,source_only_ERM_same_representation_seed,neutral,NA,NA,0.0,L2,58,IRMv1,7,NA,source_only_common_projection_irmv1,NA
True,3.4753564361091365,NA,NA,3.4725896334984876,-0.0027668026106488774,True,0.9852886206532001,NA,NA,0.9675133625804053,source_only_matrix_audit_no_high_dim_common_base_fd,NOT_RUN_HIGH_DIM_FD_COST,source_only_ERM_same_representation_seed,helps,NA,NA,0.001,L2,58,IRMv1,7,NA,source_only_common_projection_irmv1,NA
True,3.4753564361091365,NA,NA,3.4675933448738623,-0.007763091235274189,True,0.9852886206532001,NA,NA,0.937086451489312,source_only_matrix_audit_no_high_dim_common_base_fd,NOT_RUN_HIGH_DIM_FD_COST,source_only_ERM_same_representation_seed,helps,NA,NA,0.01,L2,58,IRMv1,7,NA,source_only_common_projection_irmv1,NA
True,3.4753564361091365,NA,NA,3.435042669349427,-0.040313766759709324,True,0.9852886206532001,NA,NA,0.8470289868350352,source_only_matrix_audit_no_high_dim_common_base_fd,NOT_RUN_HIGH_DIM_FD_COST,source_only_ERM_same_representation_seed,helps,NA,NA,0.1,L2,58,IRMv1,7,NA,source_only_common_projection_irmv1,NA
True,3.4753564361091365,NA,NA,3.4753485276373173,-7.90847181919574e-06,True,0.9852886206532001,NA,NA,0.9852744691127262,source_only_matrix_audit_no_high_dim_common_base_fd,NOT_RUN_HIGH_DIM_FD_COST,source_only_ERM_same_representation_seed,helps,NA,NA,0.001,IRMV1,58,IRMv1,7,NA,source_only_common_projection_irmv1,NA
True,3.4753564361091365,NA,NA,3.4752782161819744,-7.821992716205983e-05,True,0.9852886206532001,NA,NA,0.9851483349493221,source_only_matrix_audit_no_high_dim_common_base_fd,NOT_RUN_HIGH_DIM_FD_COST,source_only_ERM_same_representation_seed,helps,NA,NA,0.01,IRMV1,58,IRMv1,7,NA,source_only_common_projection_irmv1,NA
True,3.4753564361091365,NA,NA,3.4746484135210642,-0.0007080225880722324,True,0.9852886206532001,NA,NA,0.983996173959017,source_only_matrix_audit_no_high_dim_common_base_fd,NOT_RUN_HIGH_DIM_FD_COST,source_only_ERM_same_representation_seed,helps,NA,NA,0.1,IRMV1,58,IRMv1,7,NA,source_only_common_projection_irmv1,NA
True,3.4753564361091365,NA,NA,3.475348057462724,-8.378646412676716e-06,True,0.9852886206532001,NA,NA,0.9852760548677212,source_only_matrix_audit_no_high_dim_common_base_fd,NOT_RUN_HIGH_DIM_FD_COST,source_only_ERM_same_representation_seed,helps,NA,NA,0.001,VREX,58,IRMv1,7,NA,source_only_common_projection_irmv1,NA
True,3.4753564361091365,NA,NA,3.4752727737070472,-8.366240208923514e-05,True,0.9852886206532001,NA,NA,0.9851635812440833,source_only_matrix_audit_no_high_dim_common_base_fd,NOT_RUN_HIGH_DIM_FD_COST,source_only_ERM_same_representation_seed,helps,NA,NA,0.01,VREX,58,IRMv1,7,NA,source_only_common_projection_irmv1,NA
True,3.4753564361091365,NA,NA,3.4745321694716136,-0.0008242666375228858,True,0.9852886206532001,NA,NA,0.9840998748127714,source_only_matrix_audit_no_high_dim_common_base_fd,NOT_RUN_HIGH_DIM_FD_COST,source_only_ERM_same_representation_seed,helps,NA,NA,0.1,VREX,58,IRMv1,7,NA,source_only_common_projection_irmv1,NA
True,3.7322213353220546,NA,NA,3.7322213353220546,0.0,True,1.0342250610432107,NA,NA,1.0342250610432107,source_only_matrix_audit_no_high_dim_common_base_fd,NOT_RUN_HIGH_DIM_FD_COST,source_only_ERM_same_representation_seed,neutral,NA,NA,0.0,L2,62,ERM,8,NA,source_only_common_projection_erm,NA
True,3.7322213353220546,NA,NA,3.717153032603682,-0.01506830271837245,True,1.0342250610432107,NA,NA,0.9730025224531499,source_only_matrix_audit_no_high_dim_common_base_fd,NOT_RUN_HIGH_DIM_FD_COST,source_only_ERM_same_representation_seed,helps,NA,NA,0.001,L2,62,ERM,8,NA,source_only_common_projection_erm,NA
True,3.7322213353220546,NA,NA,3.6911198805943006,-0.04110145472775395,True,1.0342250610432107,NA,NA,0.8475784486216552,source_only_matrix_audit_no_high_dim_common_base_fd,NOT_RUN_HIGH_DIM_FD_COST,source_only_ERM_same_representation_seed,helps,NA,NA,0.01,L2,62,ERM,8,NA,source_only_common_projection_erm,NA
True,3.7322213353220546,NA,NA,3.648795007592978,-0.08342632772907654,True,1.0342250610432107,NA,NA,0.6184716229753154,source_only_matrix_audit_no_high_dim_common_base_fd,NOT_RUN_HIGH_DIM_FD_COST,source_only_ERM_same_representation_seed,helps,NA,NA,0.1,L2,62,ERM,8,NA,source_only_common_projection_erm,NA
True,3.7322213353220546,NA,NA,3.732212983286498,-8.352035556491444e-06,True,1.0342250610432107,NA,NA,1.0342060102405617,source_only_matrix_audit_no_high_dim_common_base_fd,NOT_RUN_HIGH_DIM_FD_COST,source_only_ERM_same_representation_seed,helps,NA,NA,0.001,IRMV1,62,ERM,8,NA,source_only_common_projection_erm,NA
True,3.7322213353220546,NA,NA,3.732138554221649,-8.278110040560449e-05,True,1.0342250610432107,NA,NA,1.0340355277700128,source_only_matrix_audit_no_high_dim_common_base_fd,NOT_RUN_HIGH_DIM_FD_COST,source_only_ERM_same_representation_seed,helps,NA,NA,0.01,IRMV1,62,ERM,8,NA,source_only_common_projection_erm,NA
True,3.7322213353220546,NA,NA,3.7314569518103666,-0.0007643835116879494,True,1.0342250610432107,NA,NA,1.032418478618303,source_only_matrix_audit_no_high_dim_common_base_fd,NOT_RUN_HIGH_DIM_FD_COST,source_only_ERM_same_representation_seed,helps,NA,NA,0.1,IRMV1,62,ERM,8,NA,source_only_common_projection_erm,NA
True,3.7322213353220546,NA,NA,3.7322120004853785,-9.334836676089253e-06,True,1.0342250610432107,NA,NA,1.0342082844036624,source_only_matrix_audit_no_high_dim_common_base_fd,NOT_RUN_HIGH_DIM_FD_COST,source_only_ERM_same_representation_seed,helps,NA,NA,0.001,VREX,62,ERM,8,NA,source_only_common_projection_erm,NA
True,3.7322213353220546,NA,NA,3.73212808763119,-9.324769086438423e-05,True,1.0342250610432107,NA,NA,1.034057887942819,source_only_matrix_audit_no_high_dim_common_base_fd,NOT_RUN_HIGH_DIM_FD_COST,source_only_ERM_same_representation_seed,helps,NA,NA,0.01,VREX,62,ERM,8,NA,source_only_common_projection_erm,NA
True,3.7322213353220546,NA,NA,3.7312988798601405,-0.0009224554619140513,True,1.0342250610432107,NA,NA,1.032612441689622,source_only_matrix_audit_no_high_dim_common_base_fd,NOT_RUN_HIGH_DIM_FD_COST,source_only_ERM_same_representation_seed,helps,NA,NA,0.1,VREX,62,ERM,8,NA,source_only_common_projection_erm,NA
True,3.533869363813496,NA,NA,3.533869363813496,0.0,True,1.0032635622554205,NA,NA,1.0032635622554205,source_only_matrix_audit_no_high_dim_common_base_fd,NOT_RUN_HIGH_DIM_FD_COST,source_only_ERM_same_representation_seed,neutral,NA,NA,0.0,L2,62,IRMv1,8,NA,source_only_common_projection_irmv1,NA
True,3.533869363813496,NA,NA,3.5372742801090737,0.00340491629557782,True,1.0032635622554205,NA,NA,0.9794958213397665,source_only_matrix_audit_no_high_dim_common_base_fd,NOT_RUN_HIGH_DIM_FD_COST,source_only_ERM_same_representation_seed,hurts,NA,NA,0.001,L2,62,IRMv1,8,NA,source_only_common_projection_irmv1,NA
True,3.533869363813496,NA,NA,3.536015359243135,0.0021459954296392247,True,1.0032635622554205,NA,NA,0.9501157428796624,source_only_matrix_audit_no_high_dim_common_base_fd,NOT_RUN_HIGH_DIM_FD_COST,source_only_ERM_same_representation_seed,hurts,NA,NA,0.01,L2,62,IRMv1,8,NA,source_only_common_projection_irmv1,NA
True,3.533869363813496,NA,NA,3.4957483771579017,-0.03812098665559427,True,1.0032635622554205,NA,NA,0.8690115003608775,source_only_matrix_audit_no_high_dim_common_base_fd,NOT_RUN_HIGH_DIM_FD_COST,source_only_ERM_same_representation_seed,helps,NA,NA,0.1,L2,62,IRMv1,8,NA,source_only_common_projection_irmv1,NA
True,3.533869363813496,NA,NA,3.533860962791845,-8.401021650783491e-06,True,1.0032635622554205,NA,NA,1.0032479055368186,source_only_matrix_audit_no_high_dim_common_base_fd,NOT_RUN_HIGH_DIM_FD_COST,source_only_ERM_same_representation_seed,helps,NA,NA,0.001,IRMV1,62,IRMv1,8,NA,source_only_common_projection_irmv1,NA
True,3.533869363813496,NA,NA,3.5337862651828136,-8.309863068234336e-05,True,1.0032635622554205,NA,NA,1.0031082699178444,source_only_matrix_audit_no_high_dim_common_base_fd,NOT_RUN_HIGH_DIM_FD_COST,source_only_ERM_same_representation_seed,helps,NA,NA,0.01,IRMV1,62,IRMv1,8,NA,source_only_common_projection_irmv1,NA
True,3.533869363813496,NA,NA,3.5331165042440134,-0.0007528595694825668,True,1.0032635622554205,NA,NA,1.0018252569085941,source_only_matrix_audit_no_high_dim_common_base_fd,NOT_RUN_HIGH_DIM_FD_COST,source_only_ERM_same_representation_seed,helps,NA,NA,0.1,IRMV1,62,IRMv1,8,NA,source_only_common_projection_irmv1,NA
True,3.533869363813496,NA,NA,3.53386058317823,-8.780635265992487e-06,True,1.0032635622554205,NA,NA,1.003249986383694,source_only_matrix_audit_no_high_dim_common_base_fd,NOT_RUN_HIGH_DIM_FD_COST,source_only_ERM_same_representation_seed,helps,NA,NA,0.001,VREX,62,IRMv1,8,NA,source_only_common_projection_irmv1,NA
True,3.533869363813496,NA,NA,3.5337816805315008,-8.768328199515452e-05,True,1.0032635622554205,NA,NA,1.0031284356393428,source_only_matrix_audit_no_high_dim_common_base_fd,NOT_RUN_HIGH_DIM_FD_COST,source_only_ERM_same_representation_seed,helps,NA,NA,0.01,VREX,62,IRMv1,8,NA,source_only_common_projection_irmv1,NA
True,3.533869363813496,NA,NA,3.533004787332372,-0.0008645764811237022,True,1.0032635622554205,NA,NA,1.0019752966881421,source_only_matrix_audit_no_high_dim_common_base_fd,NOT_RUN_HIGH_DIM_FD_COST,source_only_ERM_same_representation_seed,helps,NA,NA,0.1,VREX,62,IRMv1,8,NA,source_only_common_projection_irmv1,NA
True,3.731181660532416,NA,NA,3.731181660532416,0.0,True,1.0475942163625147,NA,NA,1.0475942163625147,source_only_matrix_audit_no_high_dim_common_base_fd,NOT_RUN_HIGH_DIM_FD_COST,source_only_ERM_same_representation_seed,neutral,NA,NA,0.0,L2,64,ERM,9,NA,source_only_common_projection_erm,NA
True,3.731181660532416,NA,NA,3.7178507632400533,-0.01333089729236292,True,1.0475942163625147,NA,NA,1.0050790446276763,source_only_matrix_audit_no_high_dim_common_base_fd,NOT_RUN_HIGH_DIM_FD_COST,source_only_ERM_same_representation_seed,helps,NA,NA,0.001,L2,64,ERM,9,NA,source_only_common_projection_erm,NA
True,3.731181660532416,NA,NA,3.7016359697172585,-0.029545690815157677,True,1.0475942163625147,NA,NA,0.9296792052442383,source_only_matrix_audit_no_high_dim_common_base_fd,NOT_RUN_HIGH_DIM_FD_COST,source_only_ERM_same_representation_seed,helps,NA,NA,0.01,L2,64,ERM,9,NA,source_only_common_projection_erm,NA
True,3.731181660532416,NA,NA,3.673867061960758,-0.057314598571658326,True,1.0475942163625147,NA,NA,0.7101771592013421,source_only_matrix_audit_no_high_dim_common_base_fd,NOT_RUN_HIGH_DIM_FD_COST,source_only_ERM_same_representation_seed,helps,NA,NA,0.1,L2,64,ERM,9,NA,source_only_common_projection_erm,NA
True,3.731181660532416,NA,NA,3.7311729095209434,-8.751011472796222e-06,True,1.0475942163625147,NA,NA,1.047574558297944,source_only_matrix_audit_no_high_dim_common_base_fd,NOT_RUN_HIGH_DIM_FD_COST,source_only_ERM_same_representation_seed,helps,NA,NA,0.001,IRMV1,64,ERM,9,NA,source_only_common_projection_erm,NA
True,3.731181660532416,NA,NA,3.731094951368333,-8.670916408304308e-05,True,1.0475942163625147,NA,NA,1.0473986968086668,source_only_matrix_audit_no_high_dim_common_base_fd,NOT_RUN_HIGH_DIM_FD_COST,source_only_ERM_same_representation_seed,helps,NA,NA,0.01,IRMV1,64,ERM,9,NA,source_only_common_projection_erm,NA
True,3.731181660532416,NA,NA,3.730383191850818,-0.0007984686815980524,True,1.0475942163625147,NA,NA,1.0457354348941972,source_only_matrix_audit_no_high_dim_common_base_fd,NOT_RUN_HIGH_DIM_FD_COST,source_only_ERM_same_representation_seed,helps,NA,NA,0.1,IRMV1,64,ERM,9,NA,source_only_common_projection_erm,NA
True,3.731181660532416,NA,NA,3.7311719871059204,-9.673426495826476e-06,True,1.0475942163625147,NA,NA,1.0475769588367527,source_only_matrix_audit_no_high_dim_common_base_fd,NOT_RUN_HIGH_DIM_FD_COST,source_only_ERM_same_representation_seed,helps,NA,NA,0.001,VREX,64,ERM,9,NA,source_only_common_projection_erm,NA
True,3.731181660532416,NA,NA,3.730226014560362,-0.0009556459720543309,True,1.0475942163625147,NA,NA,1.0459370116554623,source_only_matrix_audit_no_high_dim_common_base_fd,NOT_RUN_HIGH_DIM_FD_COST,source_only_ERM_same_representation_seed,helps,NA,NA,0.1,VREX,64,ERM,9,NA,source_only_common_projection_erm,NA
True,3.49543038383985,NA,NA,3.49543038383985,0.0,True,0.996625583579864,NA,NA,0.996625583579864,source_only_matrix_audit_no_high_dim_common_base_fd,NOT_RUN_HIGH_DIM_FD_COST,source_only_ERM_same_representation_seed,neutral,NA,NA,0.0,L2,64,IRMv1,9,NA,source_only_common_projection_irmv1,NA
True,3.49543038383985,NA,NA,3.4921374188045156,-0.003292965035334383,True,0.996625583579864,NA,NA,0.9773271309051877,source_only_matrix_audit_no_high_dim_common_base_fd,NOT_RUN_HIGH_DIM_FD_COST,source_only_ERM_same_representation_seed,helps,NA,NA,0.001,L2,64,IRMv1,9,NA,source_only_common_projection_irmv1,NA
True,3.49543038383985,NA,NA,3.4919457464237693,-0.003484637416080627,True,0.996625583579864,NA,NA,0.9554310180691888,source_only_matrix_audit_no_high_dim_common_base_fd,NOT_RUN_HIGH_DIM_FD_COST,source_only_ERM_same_representation_seed,helps,NA,NA,0.01,L2,64,IRMv1,9,NA,source_only_common_projection_irmv1,NA
True,3.49543038383985,NA,NA,3.4764910770371573,-0.018939306802692624,True,0.996625583579864,NA,NA,0.9024727620110108,source_only_matrix_audit_no_high_dim_common_base_fd,NOT_RUN_HIGH_DIM_FD_COST,source_only_ERM_same_representation_seed,helps,NA,NA,0.1,L2,64,IRMv1,9,NA,source_only_common_projection_irmv1,NA
True,3.49543038383985,NA,NA,3.4954222580689844,-8.12577086550803e-06,True,0.996625583579864,NA,NA,0.9966104908891404,source_only_matrix_audit_no_high_dim_common_base_fd,NOT_RUN_HIGH_DIM_FD_COST,source_only_ERM_same_representation_seed,helps,NA,NA,0.001,IRMV1,64,IRMv1,9,NA,source_only_common_projection_irmv1,NA
True,3.49543038383985,NA,NA,3.495349995058219,-8.038878163096896e-05,True,0.996625583579864,NA,NA,0.9964758708076972,source_only_matrix_audit_no_high_dim_common_base_fd,NOT_RUN_HIGH_DIM_FD_COST,source_only_ERM_same_representation_seed,helps,NA,NA,0.01,IRMV1,64,IRMv1,9,NA,source_only_common_projection_irmv1,NA
True,3.49543038383985,NA,NA,3.4947009790222685,-0.000729404817581436,True,0.996625583579864,NA,NA,0.9952377675311179,source_only_matrix_audit_no_high_dim_common_base_fd,NOT_RUN_HIGH_DIM_FD_COST,source_only_ERM_same_representation_seed,helps,NA,NA,0.1,IRMV1,64,IRMv1,9,NA,source_only_common_projection_irmv1,NA
True,3.49543038383985,NA,NA,3.495421805885357,-8.577954492938744e-06,True,0.996625583579864,NA,NA,0.9966124264779959,source_only_matrix_audit_no_high_dim_common_base_fd,NOT_RUN_HIGH_DIM_FD_COST,source_only_ERM_same_representation_seed,helps,NA,NA,0.001,VREX,64,IRMv1,9,NA,source_only_common_projection_irmv1,NA
True,3.49543038383985,NA,NA,3.495344725803652,-8.56580361978665e-05,True,0.996625583579864,NA,NA,0.9964946337418236,source_only_matrix_audit_no_high_dim_common_base_fd,NOT_RUN_HIGH_DIM_FD_COST,source_only_ERM_same_representation_seed,helps,NA,NA,0.01,VREX,64,IRMv1,9,NA,source_only_common_projection_irmv1,NA
True,3.49543038383985,NA,NA,3.494585905060974,-0.0008444787788759456,True,0.996625583579864,NA,NA,0.9953780008764672,source_only_matrix_audit_no_high_dim_common_base_fd,NOT_RUN_HIGH_DIM_FD_COST,source_only_ERM_same_representation_seed,helps,NA,NA,0.1,VREX,64,IRMv1,9,NA,source_only_common_projection_irmv1,NA
