method,semantic_direction,K,A_norm,O_norm,source_bank_response_norm,exposure_to_task_ratio,response_to_task_ratio,response_to_exposure_ratio
CORAL,source_color_common,1,1.933646077234035,0.8585263836900208,19.103016662597657,0.4440191400397878,9.877517506770916,22.233568521853392
CORAL,source_color_common,5,1.933646077234035,0.8585263836900208,165.5833251953125,0.4440191400397878,85.6389514673577,192.80048860175316
CORAL,source_color_common,20,1.933646077234035,0.8585263836900208,138.34850006103517,0.4440191400397878,71.49577442911566,160.90085462114385
CORAL,source_color_contrast,1,0.2566036019088759,0.8585263836900208,0.37905239462852475,3.3632350900290424,1.5027643425787862,0.4409617556050411
CORAL,source_color_contrast,5,0.2566036019088759,0.8585263836900208,1.6683470249176025,3.3632350900290424,6.470970620523242,1.9436638841472615
CORAL,source_color_contrast,20,0.2566036019088759,0.8585263836900208,4.161364459991455,3.3632350900290424,16.36728866580574,4.856873200309425
CORAL,source_env0_color,1,1.3754856850032746,0.8551870118843636,13.471015739440919,0.6217200046373067,9.792675446818434,15.74186068674813
CORAL,source_env0_color,5,1.3754856850032746,0.8551870118843636,116.94212646484375,0.6217200046373067,85.02582611485381,136.70428915711025
CORAL,source_env0_color,20,1.3754856850032746,0.8551870118843636,97.50032501220703,0.6217200046373067,70.83744719254824,113.8223772438844
CORAL,source_env1_color,1,1.38317208757843,0.8618433240552654,13.548838233947754,0.6231931472932134,9.792739294002716,15.70739323678732
CORAL,source_env1_color,5,1.38317208757843,0.8618433240552654,117.23877868652343,0.6231931472932134,84.7693268111842,135.97971207634137
CORAL,source_env1_color,20,1.38317208757843,0.8618433240552654,98.24166870117188,0.6231931472932134,70.98399174503153,113.83261921595405
CORAL,source_label_noise,1,1.4465766181301474,0.18770861893121818,3.4197553157806397,0.1297477843205126,2.363476013309647,18.21940971283893
CORAL,source_label_noise,5,1.4465766181301474,0.18770861893121818,24.669125747680663,0.1297477843205126,17.05820972783078,132.1638885906375
CORAL,source_label_noise,20,1.4465766181301474,0.18770861893121818,86.33996887207032,0.1297477843205126,59.691034769870555,463.6885825272333
ERM,source_color_common,1,1.9353068688828707,0.8773838419973018,19.491917419433594,0.45338968542413605,10.069225716628585,22.197828451401563
ERM,source_color_common,5,1.9353068688828707,0.8773838419973018,166.74362182617188,0.45338968542413605,86.15168685296489,189.95942680715103
ERM,source_color_common,20,1.9353068688828707,0.8773838419973018,139.42698822021484,0.45338968542413605,71.9711140144058,158.70187429980894
ERM,source_color_contrast,1,0.2618317883506148,0.8773838419973018,0.3899740576744079,3.366328868764852,1.5139214811245978,0.44401414971364794
ERM,source_color_contrast,5,0.2618317883506148,0.8773838419973018,1.7244610071182251,3.366328868764852,6.605983864725497,1.9666375703797427
ERM,source_color_contrast,20,0.2618317883506148,0.8773838419973018,4.401718282699585,3.366328868764852,16.878703043313195,5.027260076892452
ERM,source_env0_color,1,1.3764256766667444,0.8736536315372945,13.745427513122559,0.6347112174184166,9.984173808084474,15.721483005411311
ERM,source_env0_color,5,1.3764256766667444,0.8736536315372945,117.72326202392578,0.6347112174184166,85.51962154315473,134.68847208566538
ERM,source_env0_color,20,1.3764256766667444,0.8736536315372945,98.16193237304688,0.6347112174184166,71.24625620432498,112.18707059278081
ERM,source_env1_color,1,1.385520060483633,0.8810873319642323,13.824559783935547,0.6360567203458001,9.97551465302147,15.677454990855347
ERM,source_env1_color,5,1.385520060483633,0.8810873319642323,118.09882965087891,0.6360567203458001,85.2403172985814,133.978541812317
ERM,source_env1_color,20,1.385520060483633,0.8810873319642323,99.11420288085938,0.6360567203458001,71.47653013385647,112.36524495472179
ERM,source_label_noise,1,1.4502954487594735,0.1913673645104692,3.5338321685791017,0.1319312886073556,2.4349025483579303,18.473739901154673
ERM,source_label_noise,5,1.4502954487594735,0.1913673645104692,25.23249282836914,0.1319312886073556,17.401556607436014,132.59967990670935
ERM,source_label_noise,20,1.4502954487594735,0.1913673645104692,87.09738006591797,0.1319312886073556,60.06875306898221,458.50142573122366
FISHR,source_color_common,1,1.3385123231415696,0.1019856576654603,0.0143328202888369,0.07622162980669905,0.010693598405384992,0.1419013128908618
FISHR,source_color_common,5,1.3385123231415696,0.1019856576654603,0.19943985044956203,0.07622162980669905,0.14892761063637436,1.9647694749951115
FISHR,source_color_common,20,1.3385123231415696,0.1019856576654603,0.9921473622322082,0.07622162980669905,0.7410311117056845,9.76173757516398
FISHR,source_color_contrast,1,0.15430941773120396,0.1019856576654603,0.2701422572135925,0.663637574438157,1.7223047771780777,2.6330783934077076
FISHR,source_color_contrast,5,0.15430941773120396,0.1019856576654603,3.127173376083374,0.663637574438157,20.024162888166558,30.427142633618843
FISHR,source_color_contrast,20,0.15430941773120396,0.1019856576654603,18.02007312774658,0.663637574438157,116.20644250260827,175.81705862938304
FISHR,source_env0_color,1,0.9515202393334352,0.10229614855359506,0.20030059516429896,0.10758530433309237,0.21086054279203742,1.947463211348282
FISHR,source_env0_color,5,0.9515202393334352,0.10229614855359506,2.350025773048401,0.10758530433309237,2.4767996791440057,22.8115630408631
FISHR,source_env0_color,20,0.9515202393334352,0.10229614855359506,13.421013259887696,0.10758530433309237,14.15306850162678,130.6199313200007
FISHR,source_env1_color,1,0.9539800531067508,0.10167294865570978,0.1817858070135116,0.10658627497114284,0.19033620281078245,1.7765646653572784
FISHR,source_env1_color,5,0.9539800531067508,0.10167294865570978,2.0726921796798705,0.10658627497114284,2.171121049588142,20.216657191322355
FISHR,source_env1_color,20,0.9539800531067508,0.10167294865570978,12.065681076049804,0.10658627497114284,12.648901790917613,118.02153878782391
FISHR,source_label_noise,1,1.3154043404623093,0.0838576379595343,0.027715164050459817,0.06388775366783431,0.021773457272354628,0.3150269759672011
FISHR,source_label_noise,5,1.3154043404623093,0.0838576379595343,0.2339245572686195,0.06388775366783431,0.18186712947993985,2.7050414501381854
FISHR,source_label_noise,20,1.3154043404623093,0.0838576379595343,0.7056796789169312,0.06388775366783431,0.5375333200013406,8.412721749627844
IRMv1,source_color_common,1,1.3465098602683665,0.8525777030625529,0.598385238647461,0.6329551271695429,0.4435128083565473,0.7064416790428066
IRMv1,source_color_common,5,1.3465098602683665,0.8525777030625529,3.5968177556991576,0.6329551271695429,2.6658567514910128,4.194616691225651
IRMv1,source_color_common,20,1.3465098602683665,0.8525777030625529,5.61464501619339,0.6329551271695429,4.165744676557795,6.876523541414571
IRMv1,source_color_contrast,1,0.16379719535412746,0.8525777030625529,0.18149152919650074,5.412420000390388,1.156766186388717,0.20847207195600195
IRMv1,source_color_contrast,5,0.16379719535412746,0.8525777030625529,0.9401838779449463,5.412420000390388,6.405095137590697,1.016655928479564
IRMv1,source_color_contrast,20,0.16379719535412746,0.8525777030625529,3.673097199201584,5.412420000390388,23.520235962451245,4.252949673390926
IRMv1,source_env0_color,1,0.9613332157044286,0.8522785723831504,0.29816759675741195,0.8860067818741388,0.3091280539036899,0.35622875671807847
IRMv1,source_env0_color,5,0.9613332157044286,0.8522785723831504,2.247843623161316,0.8860067818741388,2.3329600794607304,2.6874118100870357
IRMv1,source_env0_color,20,0.9613332157044286,0.8522785723831504,5.733988237380982,0.8860067818741388,5.9582411687323305,6.894264002021234
IRMv1,source_env1_color,1,0.9573307570016645,0.8528438644668526,0.5498619019985199,0.8911962367486662,0.5745976808528539,0.6448939055061642
IRMv1,source_env1_color,5,0.9573307570016645,0.8528438644668526,2.84984405040741,0.8911962367486662,2.9800637124706455,3.2624683947448787
IRMv1,source_env1_color,20,0.9573307570016645,0.8528438644668526,4.200036954879761,0.8911962367486662,4.38174818377137,5.049094588770048
IRMv1,source_label_noise,1,1.5624568177976494,0.4748575765271553,5.968530464172363,0.3036649917594468,3.804655230284008,12.493283493861984
IRMv1,source_label_noise,5,1.5624568177976494,0.4748575765271553,43.16622619628906,0.3036649917594468,27.578033818924702,90.61795248820117
IRMv1,source_label_noise,20,1.5624568177976494,0.4748575765271553,35.14874610900879,0.3036649917594468,22.480784380847165,73.8285741169141
VREX,source_color_common,1,1.3925708028740849,0.581532632898066,0.01177215259522196,0.4173956177736676,0.00845364546547896,0.020532966348165597
VREX,source_color_common,5,1.3925708028740849,0.581532632898066,0.10979708656668659,0.4173956177736676,0.07903757072536861,0.1939565178298969
VREX,source_color_common,20,1.3925708028740849,0.581532632898066,0.36653855144977565,0.4173956177736676,0.26295934911329627,0.6398822268367967
VREX,source_color_contrast,1,0.16985614284074524,0.581532632898066,0.6361571475863457,3.491305735000298,3.7811890330344013,1.1318421768153624
VREX,source_color_contrast,5,0.16985614284074524,0.581532632898066,6.2792994499206545,3.491305735000298,36.87605077658348,11.218403502790878
VREX,source_color_contrast,20,0.16985614284074524,0.581532632898066,6.585410690307617,3.491305735000298,39.35324658203419,11.553592119704925
VREX,source_env0_color,1,0.9939277721288532,0.5809218248834951,0.44799637198448183,0.5841718830978947,0.45177108948005695,0.7985326433506491
VREX,source_env0_color,5,0.9939277721288532,0.5809218248834951,4.463965654373169,0.5841718830978947,4.5020989731097885,7.992284781907332
VREX,source_env0_color,20,0.9939277721288532,0.5809218248834951,4.566479969024658,0.5841718830978947,4.601180768046862,8.027806584668223
VREX,source_env1_color,1,0.9902385418665833,0.5821348559276119,0.45169708132743835,0.587718398022955,0.45577239871707353,0.8022745452065632
VREX,source_env1_color,5,0.9902385418665833,0.5821348559276119,4.416453647613525,0.587718398022955,4.461580755976655,7.87326952007393
VREX,source_env1_color,20,0.9902385418665833,0.5821348559276119,4.762117004394531,0.587718398022955,4.807802891021411,8.336700154219571
VREX,source_label_noise,1,1.3539366805613686,0.1833558435891081,0.06402407418936487,0.13544851648391246,0.04694490602312173,0.33182813500380287
VREX,source_label_noise,5,1.3539366805613686,0.1833558435891081,0.34492437541484827,0.13544851648391246,0.2536149382470853,1.837742422752998
VREX,source_label_noise,20,1.3539366805613686,0.1833558435891081,2.07545046210289,0.13544851648391246,1.5221951096638555,10.668077000098124
