method,seed,semantic_direction,direction_index,logical_checkpoint,horizon,finite_alpha,response_schedule,outcome_schedule,outcome_norm,outcome_source_norm,outcome_counterfactual_norm,outcome_clean_norm,target_A_norm,target_O_norm,target_R_norm,state_gate_pass
ERM,10,source_env0_color,0,300,20,0.1,probe_A,independent_B,14.512731552124023,8.5820951461792,11.589828491210938,1.6256961822509766,1.420021320255182,1.0564524012780991,150.11769104003906,True
ERM,10,source_env1_color,1,300,20,0.1,probe_A,independent_B,14.557772636413574,8.649981498718262,11.622871398925781,1.4196914434432983,1.4205988512813617,1.0554766781454141,149.3835906982422,True
ERM,10,source_label_noise,2,300,20,0.1,probe_A,independent_B,13.499105453491211,6.657491207122803,9.03734016418457,7.498678684234619,1.3720107355168525,0.17543156597124146,147.9280242919922,True
CORAL,10,source_env0_color,0,300,20,0.1,probe_A,independent_B,14.723464965820312,8.689621925354004,11.79365348815918,1.4766863584518433,1.4154848581670152,1.0330595737043557,150.87074279785156,True
CORAL,10,source_env1_color,1,300,20,0.1,probe_A,independent_B,14.767508506774902,8.743128776550293,11.830322265625,1.2963289022445679,1.4166722115055488,1.031549380744029,150.04600524902344,True
CORAL,10,source_label_noise,2,300,20,0.1,probe_A,independent_B,13.607863426208496,6.692854881286621,9.090879440307617,7.598387241363525,1.3658866315249063,0.1743319407372527,147.61683654785156,True
IRMv1,10,source_env0_color,0,300,20,0.1,probe_A,independent_B,1.4545732736587524,0.8216758370399475,0.990913450717926,0.6772903800010681,0.9708714783498165,0.7859326922123518,11.465324401855469,True
IRMv1,10,source_env1_color,1,300,20,0.1,probe_A,independent_B,0.25679516792297363,0.1455988883972168,0.1786513477563858,0.11326248943805695,0.9750189802755141,0.7916158953410757,3.5403153896331787,True
IRMv1,10,source_label_noise,2,300,20,0.1,probe_A,independent_B,5.34989595413208,3.1722939014434814,3.9899375438690186,1.624293565750122,1.5946282058872059,0.49560004836734645,60.43478775024414,True
VREX,10,source_env0_color,0,300,20,0.1,probe_A,independent_B,0.15294943749904633,0.09754931181669235,0.11528550833463669,0.024226294830441475,0.9807695148564678,0.5583567954181203,19.110183715820312,True
VREX,10,source_env1_color,1,300,20,0.1,probe_A,independent_B,0.7829645872116089,0.47905153036117554,0.6137353181838989,0.08289819955825806,0.9866865202267718,0.5656817380723433,18.48346519470215,True
VREX,10,source_label_noise,2,300,20,0.1,probe_A,independent_B,0.25592660903930664,0.14112120866775513,0.18910236656665802,0.09911378473043442,1.379703345107411,0.21779770401276327,6.483767032623291,True
FISHR,10,source_env0_color,0,300,20,0.1,probe_A,independent_B,0.618693470954895,0.3903633654117584,0.4712425470352173,0.09126035869121552,0.94099114501268,0.15890869720074646,29.536087036132812,True
FISHR,10,source_env1_color,1,300,20,0.1,probe_A,independent_B,0.7424576282501221,0.4666905105113983,0.5699775218963623,0.09256776422262192,0.9604938314076998,0.16094203631976553,26.711023330688477,True
FISHR,10,source_label_noise,2,300,20,0.1,probe_A,independent_B,0.2537108063697815,0.16916626691818237,0.18436092138290405,0.04198814556002617,1.2411870085699825,0.11841184010361214,1.3615553379058838,True
ERM,11,source_env0_color,0,300,20,0.1,probe_A,independent_B,12.639552116394043,7.497488021850586,10.025367736816406,1.7429713010787964,1.401996120346311,1.073583815566803,128.46681213378906,True
ERM,11,source_env1_color,1,300,20,0.1,probe_A,independent_B,12.28330135345459,7.352064609527588,9.670702934265137,1.817742109298706,1.40928432255426,1.0899343132767678,127.71053314208984,True
ERM,11,source_label_noise,2,300,20,0.1,probe_A,independent_B,12.895092964172363,7.069063186645508,9.154019355773926,5.7022528648376465,1.350115328715976,0.1819846229054667,146.2706756591797,True
CORAL,11,source_env0_color,0,300,20,0.1,probe_A,independent_B,12.601640701293945,7.520680904388428,9.986160278320312,1.5866296291351318,1.4066611790046293,1.0549662303721594,126.61133575439453,True
CORAL,11,source_env1_color,1,300,20,0.1,probe_A,independent_B,12.27670669555664,7.391569137573242,9.665815353393555,1.6291776895523071,1.4117170442596014,1.0704417355046654,125.64542388916016,True
CORAL,11,source_label_noise,2,300,20,0.1,probe_A,independent_B,13.05123233795166,7.075226306915283,9.186793327331543,5.989878177642822,1.3541637378453697,0.18193669216002983,148.3746795654297,True
IRMv1,11,source_env0_color,0,300,20,0.1,probe_A,independent_B,1.279137372970581,0.8374435305595398,0.9433505535125732,0.21206289529800415,0.9488843712357381,0.7195766318096094,5.776754379272461,True
IRMv1,11,source_env1_color,1,300,20,0.1,probe_A,independent_B,0.48215553164482117,0.235663041472435,0.39558103680610657,0.14301234483718872,0.9583805561941295,0.7327204078257019,12.10373306274414,True
IRMv1,11,source_label_noise,2,300,20,0.1,probe_A,independent_B,3.6470048427581787,2.3223958015441895,2.800549268722534,0.2530767023563385,1.657543235930989,0.5883844898678642,84.74567413330078,True
VREX,11,source_env0_color,0,300,20,0.1,probe_A,independent_B,1.5075552463531494,0.9122748970985413,1.189619779586792,0.15900525450706482,0.9703225942698339,0.5234869450228484,25.814977645874023,True
VREX,11,source_env1_color,1,300,20,0.1,probe_A,independent_B,2.5470523834228516,1.5829763412475586,1.9609609842300415,0.3691801130771637,0.9725768467488626,0.5272888951587811,25.402284622192383,True
VREX,11,source_label_noise,2,300,20,0.1,probe_A,independent_B,0.12494964152574539,0.07310207933187485,0.09811265021562576,0.025345804169774055,1.3827945941395354,0.23758791221058842,3.294384002685547,True
FISHR,11,source_env0_color,0,300,20,0.1,probe_A,independent_B,1.2336955070495605,0.7372677326202393,0.9823150634765625,0.11618246138095856,0.9561179870096669,0.14960048366987866,21.179414749145508,True
FISHR,11,source_env1_color,1,300,20,0.1,probe_A,independent_B,1.3269999027252197,0.8187693953514099,1.0391772985458374,0.10323001444339752,0.9615737893918219,0.14679661697166851,19.334054946899414,True
FISHR,11,source_label_noise,2,300,20,0.1,probe_A,independent_B,0.06381329894065857,0.0337788388133049,0.0495431013405323,0.0218313280493021,1.3079179591423795,0.12441856412341057,0.8955518007278442,True
ERM,12,source_env0_color,0,300,20,0.1,probe_A,independent_B,14.132284164428711,8.358203887939453,11.363304138183594,0.8586355447769165,1.372978300162221,1.076798948028535,144.20993041992188,True
ERM,12,source_env1_color,1,300,20,0.1,probe_A,independent_B,14.053070068359375,8.345133781433105,11.270772933959961,0.9040003418922424,1.384800477081788,1.0754472125507668,144.57952880859375,True
ERM,12,source_label_noise,2,300,20,0.1,probe_A,independent_B,13.669610023498535,7.0906291007995605,9.880841255187988,6.24101448059082,1.3758371755064052,0.20023057522181315,154.27406311035156,True
CORAL,12,source_env0_color,0,300,20,0.1,probe_A,independent_B,14.218840599060059,8.406794548034668,11.434441566467285,0.8688449859619141,1.3707879163232866,1.0496794777205443,145.4859619140625,True
CORAL,12,source_env1_color,1,300,20,0.1,probe_A,independent_B,14.142478942871094,8.398944854736328,11.341368675231934,0.9169552326202393,1.384300398523527,1.0479135583817627,145.5155487060547,True
CORAL,12,source_label_noise,2,300,20,0.1,probe_A,independent_B,13.812820434570312,7.211871147155762,9.968984603881836,6.2771196365356445,1.3780987916360214,0.19793695701397573,156.4190216064453,True
IRMv1,12,source_env0_color,0,300,20,0.1,probe_A,independent_B,2.520171880722046,1.3703536987304688,1.7371774911880493,1.2064868211746216,0.9737180136302912,0.8631014353178164,10.29416561126709,True
IRMv1,12,source_env1_color,1,300,20,0.1,probe_A,independent_B,2.7315540313720703,1.7091225385665894,2.1084513664245605,0.3077693581581116,0.9562597603026686,0.8505052034936625,26.238136291503906,True
IRMv1,12,source_label_noise,2,300,20,0.1,probe_A,independent_B,5.764724254608154,3.264068126678467,4.503188610076904,1.5163145065307617,1.626916971365504,0.5498835622113591,73.25308227539062,True
VREX,12,source_env0_color,0,300,20,0.1,probe_A,independent_B,0.591626763343811,0.3679557740688324,0.4531121551990509,0.09654069691896439,0.9899893463667802,0.6739245218836156,9.380871772766113,True
VREX,12,source_env1_color,1,300,20,0.1,probe_A,independent_B,1.6749818325042725,1.0391737222671509,1.302667260169983,0.1695287525653839,0.9806377673201282,0.6754805129135684,8.941872596740723,True
VREX,12,source_label_noise,2,300,20,0.1,probe_A,independent_B,0.132904052734375,0.07572973519563675,0.10038250684738159,0.04303305968642235,1.356815687362336,0.19342029369026156,3.259477376937866,True
FISHR,12,source_env0_color,0,300,20,0.1,probe_A,independent_B,0.19259342551231384,0.11662247031927109,0.14508529007434845,0.049413442611694336,0.9718854517680827,0.17211637648613326,20.677518844604492,True
FISHR,12,source_env1_color,1,300,20,0.1,probe_A,independent_B,1.2961053848266602,0.7641814351081848,1.026248812675476,0.2067110240459442,0.9632286553534488,0.16991345283219236,17.935461044311523,True
FISHR,12,source_label_noise,2,300,20,0.1,probe_A,independent_B,0.09663065522909164,0.059914227575063705,0.06939159333705902,0.030538111925125122,1.328169905463899,0.11541290284808713,1.5958212614059448,True
ERM,13,source_env0_color,0,300,20,0.1,probe_A,independent_B,13.987401008605957,8.42613410949707,11.085732460021973,1.324450969696045,1.3824243261414029,1.100147902078374,139.84335327148438,True
ERM,13,source_env1_color,1,300,20,0.1,probe_A,independent_B,13.945959091186523,8.43042278289795,11.054207801818848,1.1055617332458496,1.3745660391488843,1.1024555541692707,145.06857299804688,True
ERM,13,source_label_noise,2,300,20,0.1,probe_A,independent_B,12.879456520080566,6.818116664886475,8.96617603302002,6.245111465454102,1.3628592406161604,0.2047769800006572,142.05865478515625,True
CORAL,13,source_env0_color,0,300,20,0.1,probe_A,independent_B,13.82931137084961,8.255376815795898,10.999789237976074,1.4502692222595215,1.3846885403283375,1.0839624110571426,138.9037322998047,True
CORAL,13,source_env1_color,1,300,20,0.1,probe_A,independent_B,13.791034698486328,8.272393226623535,10.956075668334961,1.313228964805603,1.3775540932316064,1.0867291229143985,143.90489196777344,True
CORAL,13,source_label_noise,2,300,20,0.1,probe_A,independent_B,12.991016387939453,6.845358848571777,9.105195999145508,6.245235443115234,1.3680817009711517,0.2045834541739209,143.5842742919922,True
IRMv1,13,source_env0_color,0,300,20,0.1,probe_A,independent_B,0.5721817016601562,0.32588523626327515,0.3961595296859741,0.2534726858139038,0.9614463694461256,0.9877857745412487,2.4089014530181885,True
IRMv1,13,source_env1_color,1,300,20,0.1,probe_A,independent_B,0.41729670763015747,0.2210105061531067,0.29533007740974426,0.19511796534061432,0.9488918850917032,0.9730836448614495,3.6324357986450195,True
IRMv1,13,source_label_noise,2,300,20,0.1,probe_A,independent_B,5.785321235656738,3.531315326690674,4.444600582122803,1.1159241199493408,1.6064455501674018,0.5316831480706377,62.65677261352539,True
VREX,13,source_env0_color,0,300,20,0.1,probe_A,independent_B,0.39842134714126587,0.2355867475271225,0.2822640538215637,0.15351040661334991,0.9940555338245741,0.6162302119976866,3.57631778717041,True
VREX,13,source_env1_color,1,300,20,0.1,probe_A,independent_B,1.1900678873062134,0.7334786653518677,0.9101831912994385,0.22324274480342865,0.9836787577687331,0.610714899578012,3.642983913421631,True
VREX,13,source_label_noise,2,300,20,0.1,probe_A,independent_B,0.04145994037389755,0.024194903671741486,0.032217059284448624,0.009777198545634747,1.3748128911416433,0.1763082491545394,0.7332109808921814,True
FISHR,13,source_env0_color,0,300,20,0.1,probe_A,independent_B,0.10645133256912231,0.06150408461689949,0.08202780783176422,0.028645653277635574,0.9600443126502844,0.1623180495724702,7.609238624572754,True
FISHR,13,source_env1_color,1,300,20,0.1,probe_A,independent_B,0.4672853946685791,0.2959018349647522,0.3591822683811188,0.04225895553827286,0.9595476470109673,0.1617444284982396,5.7600626945495605,True
FISHR,13,source_label_noise,2,300,20,0.1,probe_A,independent_B,0.05435064062476158,0.030539993196725845,0.04013138264417648,0.020267551764845848,1.3179203424863266,0.11355359743801996,1.3358339071273804,True
ERM,14,source_env0_color,0,300,20,0.1,probe_A,independent_B,12.053316116333008,7.130894184112549,9.644521713256836,1.1899784803390503,1.3605611504513142,1.049003973769155,125.98395538330078,True
ERM,14,source_env1_color,1,300,20,0.1,probe_A,independent_B,11.940832138061523,7.059768199920654,9.560408592224121,1.1583313941955566,1.3722025920138203,1.064185789364023,127.89655303955078,True
ERM,14,source_label_noise,2,300,20,0.1,probe_A,independent_B,13.414698600769043,7.605072498321533,9.449050903320312,5.729966640472412,1.4140707794685956,0.1788396225224486,144.21160888671875,True
CORAL,14,source_env0_color,0,300,20,0.1,probe_A,independent_B,11.564674377441406,6.858412742614746,9.242300033569336,1.1330140829086304,1.3651733960243386,1.021514043143609,120.75521850585938,True
CORAL,14,source_env1_color,1,300,20,0.1,probe_A,independent_B,11.44640827178955,6.767090320587158,9.162288665771484,1.13102126121521,1.3754181923653352,1.0357320322857564,121.82276916503906,True
CORAL,14,source_label_noise,2,300,20,0.1,probe_A,independent_B,13.357843399047852,7.549967288970947,9.439678192138672,5.685288906097412,1.4100781107212639,0.17338997862022482,141.791259765625,True
IRMv1,14,source_env0_color,0,300,20,0.1,probe_A,independent_B,4.507558345794678,2.811636447906494,3.1160106658935547,1.6441580057144165,0.9649772632058755,0.8445356539055261,39.7344970703125,True
IRMv1,14,source_env1_color,1,300,20,0.1,probe_A,independent_B,1.4367281198501587,0.9178978800773621,1.087287425994873,0.19863711297512054,0.9654062566131091,0.8556002364191977,20.138517379760742,True
IRMv1,14,source_label_noise,2,300,20,0.1,probe_A,independent_B,5.1940693855285645,2.9867684841156006,4.192742824554443,0.6917195320129395,1.6229363161001298,0.5480166291912896,70.40599060058594,True
VREX,14,source_env0_color,0,300,20,0.1,probe_A,independent_B,1.13715398311615,0.7132930159568787,0.8764395713806152,0.12722276151180267,0.984693624204001,0.549952468556671,18.301176071166992,True
VREX,14,source_env1_color,1,300,20,0.1,probe_A,independent_B,3.512540102005005,2.198876142501831,2.718229293823242,0.33780696988105774,0.9729339077857726,0.5494294549432088,18.327743530273438,True
VREX,14,source_label_noise,2,300,20,0.1,probe_A,independent_B,0.17909689247608185,0.10411746799945831,0.13336335122585297,0.05873226374387741,1.3496498655298066,0.17975053093589538,3.9431397914886475,True
FISHR,14,source_env0_color,0,300,20,0.1,probe_A,independent_B,0.4013842046260834,0.2657358646392822,0.29477453231811523,0.06001422554254532,0.9729298689972822,0.12417656401608082,30.04037094116211,True
FISHR,14,source_env1_color,1,300,20,0.1,probe_A,independent_B,2.0091474056243896,1.2574658393859863,1.5501399040222168,0.22916962206363678,0.9667913549656317,0.12422371665414102,27.49698257446289,True
FISHR,14,source_label_noise,2,300,20,0.1,probe_A,independent_B,0.1146325096487999,0.07691582292318344,0.08263267576694489,0.019910048693418503,1.3092085863754936,0.10407598914352353,1.0894107818603516,True
