method,seed,semantic_direction,alpha,local_response_acc_slope,local_response_loss_slope,finite_accuracy,finite_loss,accuracy_change,loss_change,base_accuracy,base_loss,target_posthoc,source_only_geometry
ERM,10,source_color_common,0.02,-0.7015825094585204,1.0587690834422958,0.8351870998108294,0.4021144438110158,-0.01403165018917063,0.021175381668845916,0.84921875,0.3809390621421699,0.1063999980688095,True
ERM,10,source_color_common,0.05,-0.7015825094585204,1.0587690834422958,0.8141396245270737,0.4338775163142847,-0.035079125472926354,0.05293845417211479,0.84921875,0.3809390621421699,0.1063999980688095,True
ERM,10,source_color_common,0.1,-0.7015825094585204,1.0587690834422958,0.7790604990541473,0.4868159704863996,-0.07015825094585271,0.10587690834422969,0.84921875,0.3809390621421699,0.1063999980688095,True
ERM,10,source_color_contrast,0.02,-5.551115123125783e-15,2.7755575615628914e-15,0.84921875,0.3809390621421699,0.0,0.0,0.84921875,0.3809390621421699,0.1063999980688095,True
ERM,10,source_color_contrast,0.05,-5.551115123125783e-15,2.7755575615628914e-15,0.84921875,0.38093906214216994,0.0,5.551115123125783e-17,0.84921875,0.3809390621421699,0.1063999980688095,True
ERM,10,source_color_contrast,0.1,-5.551115123125783e-15,2.7755575615628914e-15,0.8492187499999999,0.3809390621421698,-1.1102230246251565e-16,-5.551115123125783e-17,0.84921875,0.3809390621421699,0.1063999980688095,True
ERM,10,source_label_noise,0.02,-0.007812499999998446,0.3557193284366794,0.8490625,0.3880534487109034,-0.00015624999999996891,0.007114386568733533,0.84921875,0.3809390621421699,0.1063999980688095,True
ERM,10,source_label_noise,0.05,-0.007812499999998446,0.3557193284366794,0.8488281249999999,0.3987250285640038,-0.0003906250000000888,0.017785966421833943,0.84921875,0.3809390621421699,0.1063999980688095,True
ERM,10,source_label_noise,0.1,-0.007812499999998446,0.3557193284366794,0.8484375,0.416510994985838,-0.0007812500000000666,0.03557193284366811,0.84921875,0.3809390621421699,0.1063999980688095,True
CORAL,10,source_color_common,0.02,-0.7015825094585204,1.0606821318828064,0.8351870998108294,0.40208427876094693,-0.01403165018917063,0.021213642637656183,0.84921875,0.38087063612329075,0.1058999970555305,True
CORAL,10,source_color_common,0.05,-0.7015825094585204,1.0606821318828064,0.8141396245270737,0.4339047427174311,-0.035079125472926354,0.05303410659414037,0.84921875,0.38087063612329075,0.1058999970555305,True
CORAL,10,source_color_common,0.1,-0.7015825094585204,1.0606821318828064,0.7790604990541473,0.4869388493115716,-0.07015825094585271,0.10606821318828086,0.84921875,0.38087063612329075,0.1058999970555305,True
CORAL,10,source_color_contrast,0.02,-5.551115123125783e-15,0.0,0.84921875,0.3808706361232908,0.0,5.551115123125783e-17,0.84921875,0.38087063612329075,0.1058999970555305,True
CORAL,10,source_color_contrast,0.05,-5.551115123125783e-15,0.0,0.84921875,0.38087063612329075,0.0,0.0,0.84921875,0.38087063612329075,0.1058999970555305,True
CORAL,10,source_color_contrast,0.1,-5.551115123125783e-15,0.0,0.8492187499999999,0.3808706361232908,-1.1102230246251565e-16,5.551115123125783e-17,0.84921875,0.38087063612329075,0.1058999970555305,True
CORAL,10,source_label_noise,0.02,-0.007812499999998446,0.35085168400255384,0.8490625,0.3878876698033419,-0.00015624999999996891,0.007017033680051132,0.84921875,0.38087063612329075,0.1058999970555305,True
CORAL,10,source_label_noise,0.05,-0.007812499999998446,0.35085168400255384,0.8488281249999999,0.39841322032341847,-0.0003906250000000888,0.01754258420012772,0.84921875,0.38087063612329075,0.1058999970555305,True
CORAL,10,source_label_noise,0.1,-0.007812499999998446,0.35085168400255384,0.8484375,0.41595580452354625,-0.0007812500000000666,0.035085168400255495,0.84921875,0.38087063612329075,0.1058999970555305,True
IRMv1,10,source_color_common,0.02,0.03728883416413975,0.017781193311283694,0.6009410891832826,0.6490425847847563,0.0007457766832824619,0.0003556238662256739,0.6001953125000001,0.6486869609185306,0.6539999842643738,True
IRMv1,10,source_color_common,0.05,0.03728883416413975,0.017781193311283694,0.6020597542082067,0.649576020584095,0.0018644417082065434,0.0008890596655644067,0.6001953125000001,0.6486869609185306,0.6539999842643738,True
IRMv1,10,source_color_common,0.1,0.03728883416413975,0.017781193311283694,0.6039241959164133,0.6504650802496598,0.003728883416413198,0.0017781193311291466,0.6001953125000001,0.6486869609185306,0.6539999842643738,True
IRMv1,10,source_color_contrast,0.02,0.0,0.0,0.6001953125,0.6486869609185305,-1.1102230246251565e-16,-1.1102230246251565e-16,0.6001953125000001,0.6486869609185306,0.6539999842643738,True
IRMv1,10,source_color_contrast,0.05,0.0,0.0,0.6001953125000001,0.6486869609185304,0.0,-2.220446049250313e-16,0.6001953125000001,0.6486869609185306,0.6539999842643738,True
IRMv1,10,source_color_contrast,0.1,0.0,0.0,0.6001953124999999,0.6486869609185305,-2.220446049250313e-16,-1.1102230246251565e-16,0.6001953125000001,0.6486869609185306,0.6539999842643738,True
IRMv1,10,source_label_noise,0.02,-0.4746093750000069,0.27357397914674064,0.5907031250000001,0.6541584405014654,-0.009492187500000027,0.005471479582934813,0.6001953125000001,0.6486869609185306,0.6539999842643738,True
IRMv1,10,source_label_noise,0.05,-0.4746093750000069,0.27357397914674064,0.57646484375,0.6623656598758679,-0.023730468750000178,0.01367869895733731,0.6001953125000001,0.6486869609185306,0.6539999842643738,True
IRMv1,10,source_label_noise,0.1,-0.4746093750000069,0.27357397914674064,0.552734375,0.6760443588332055,-0.04746093750000013,0.02735739791467484,0.6001953125000001,0.6486869609185306,0.6539999842643738,True
VREX,10,source_color_common,0.02,0.0649101928042295,-0.008342342147016346,0.5341107038560846,0.6890665386760512,0.0012982038560845899,-0.000166846842940771,0.5328125,0.6892333855189919,0.6111000180244446,True
VREX,10,source_color_common,0.05,0.0649101928042295,-0.008342342147016346,0.5360580096402117,0.6888162684116406,0.0032455096402116412,-0.0004171171073513724,0.5328125,0.6892333855189919,0.6111000180244446,True
VREX,10,source_color_common,0.1,0.0649101928042295,-0.008342342147016346,0.5393035192804233,0.6883991513042893,0.0064910192804232825,-0.0008342342147026338,0.5328125,0.6892333855189919,0.6111000180244446,True
VREX,10,source_color_contrast,0.02,-5.551115123125783e-15,-1.1102230246251565e-14,0.5328125,0.6892333855189917,0.0,-2.220446049250313e-16,0.5328125,0.6892333855189919,0.6111000180244446,True
VREX,10,source_color_contrast,0.05,-5.551115123125783e-15,-1.1102230246251565e-14,0.5328124999999999,0.6892333855189917,-1.1102230246251565e-16,-2.220446049250313e-16,0.5328125,0.6892333855189919,0.6111000180244446,True
VREX,10,source_color_contrast,0.1,-5.551115123125783e-15,-1.1102230246251565e-14,0.5328125,0.6892333855189918,0.0,-1.1102230246251565e-16,0.5328125,0.6892333855189919,0.6111000180244446,True
VREX,10,source_label_noise,0.02,-0.2597656249999969,0.03922830661521881,0.5276171875,0.6900179516512963,-0.005195312500000049,0.0007845661323043762,0.5328125,0.6892333855189919,0.6111000180244446,True
VREX,10,source_label_noise,0.05,-0.2597656249999969,0.03922830661521881,0.51982421875,0.6911948008497529,-0.012988281250000067,0.001961415330760996,0.5328125,0.6892333855189919,0.6111000180244446,True
VREX,10,source_label_noise,0.1,-0.2597656249999969,0.03922830661521881,0.5068359375000001,0.6931562161805142,-0.02597656249999991,0.003922830661522214,0.5328125,0.6892333855189919,0.6111000180244446,True
FISHR,10,source_color_common,0.02,-0.14639320079252172,0.027354356126896295,0.6808611984841495,0.6676926932973396,-0.0029278640158505453,0.0005470871225377039,0.6837890625,0.6671456061748019,0.5640000104904175,True
FISHR,10,source_color_common,0.05,-0.14639320079252172,0.027354356126896295,0.6764694024603737,0.6685133239811463,-0.007319660039626363,0.0013677178063443707,0.6837890625,0.6671456061748019,0.5640000104904175,True
FISHR,10,source_color_common,0.1,-0.14639320079252172,0.027354356126896295,0.6691497424207473,0.6698810417874909,-0.014639320079252727,0.0027354356126889634,0.6837890625,0.6671456061748019,0.5640000104904175,True
FISHR,10,source_color_contrast,0.02,5.551115123125783e-15,5.551115123125783e-15,0.6837890624999999,0.6671456061748018,-1.1102230246251565e-16,-1.1102230246251565e-16,0.6837890625,0.6671456061748019,0.5640000104904175,True
FISHR,10,source_color_contrast,0.05,5.551115123125783e-15,5.551115123125783e-15,0.6837890624999999,0.6671456061748016,-1.1102230246251565e-16,-3.3306690738754696e-16,0.6837890625,0.6671456061748019,0.5640000104904175,True
FISHR,10,source_color_contrast,0.1,5.551115123125783e-15,5.551115123125783e-15,0.6837890625,0.6671456061748017,0.0,-2.220446049250313e-16,0.6837890625,0.6671456061748019,0.5640000104904175,True
FISHR,10,source_label_noise,0.02,-0.4453125000000002,0.054939295848493996,0.6748828124999999,0.6682443920917719,-0.008906250000000115,0.001098785916969991,0.6837890625,0.6671456061748019,0.5640000104904175,True
FISHR,10,source_label_noise,0.05,-0.4453125000000002,0.054939295848493996,0.6615234374999999,0.6698925709672267,-0.022265625000000178,0.0027469647924247553,0.6837890625,0.6671456061748019,0.5640000104904175,True
FISHR,10,source_label_noise,0.1,-0.4453125000000002,0.054939295848493996,0.6392578125,0.6726395357596516,-0.04453125000000002,0.005493929584849733,0.6837890625,0.6671456061748019,0.5640000104904175,True
Full-BIRM (Official),10,source_color_common,0.02,0.00828640759203414,0.023207670197850083,0.6571969781518405,0.6243066124143957,0.00016572815184046075,0.00046415340395689064,0.6570312500000001,0.6238424590104388,,True
Full-BIRM (Official),10,source_color_common,0.05,0.00828640759203414,0.023207670197850083,0.6574455703796015,0.6250028425203311,0.0004143203796014294,0.0011603835098923376,0.6570312500000001,0.6238424590104388,,True
Full-BIRM (Official),10,source_color_common,0.1,0.00828640759203414,0.023207670197850083,0.657859890759203,0.6261632260302235,0.0008286407592029699,0.0023207670197846753,0.6570312500000001,0.6238424590104388,,True
Full-BIRM (Official),10,source_color_contrast,0.02,5.551115123125783e-15,0.0,0.65703125,0.6238424590104387,-1.1102230246251565e-16,-1.1102230246251565e-16,0.6570312500000001,0.6238424590104388,,True
Full-BIRM (Official),10,source_color_contrast,0.05,5.551115123125783e-15,0.0,0.65703125,0.6238424590104388,-1.1102230246251565e-16,0.0,0.6570312500000001,0.6238424590104388,,True
Full-BIRM (Official),10,source_color_contrast,0.1,5.551115123125783e-15,0.0,0.65703125,0.6238424590104388,-1.1102230246251565e-16,0.0,0.6570312500000001,0.6238424590104388,,True
Full-BIRM (Official),10,source_label_noise,0.02,-0.6445312500000078,0.4643016443411363,0.644140625,0.6331284918972615,-0.012890625000000044,0.009286032886822726,0.6570312500000001,0.6238424590104388,,True
Full-BIRM (Official),10,source_label_noise,0.05,-0.6445312500000078,0.4643016443411363,0.6248046875,0.6470575412274957,-0.03222656250000011,0.023215082217056926,0.6570312500000001,0.6238424590104388,,True
Full-BIRM (Official),10,source_label_noise,0.1,-0.6445312500000078,0.4643016443411363,0.592578125,0.6702726234445526,-0.06445312500000011,0.04643016443411385,0.6570312500000001,0.6238424590104388,,True
LoRA-BIRM (Official),10,source_color_common,0.02,0.04005097002815483,0.09044713072827726,0.6367385194005629,0.6004052414947811,0.0008010194005628746,0.0018089426145653231,0.6359375,0.5985962988802158,,True
LoRA-BIRM (Official),10,source_color_common,0.05,0.04005097002815483,0.09044713072827726,0.6379400485014073,0.6031186554166293,0.002002548501407242,0.00452235653641353,0.6359375,0.5985962988802158,,True
LoRA-BIRM (Official),10,source_color_common,0.1,0.04005097002815483,0.09044713072827726,0.6399425970028144,0.607641011953043,0.004005097002814373,0.00904471307282717,0.6359375,0.5985962988802158,,True
LoRA-BIRM (Official),10,source_color_contrast,0.02,-5.551115123125783e-15,0.0,0.6359374999999998,0.5985962988802157,-2.220446049250313e-16,-1.1102230246251565e-16,0.6359375,0.5985962988802158,,True
LoRA-BIRM (Official),10,source_color_contrast,0.05,-5.551115123125783e-15,0.0,0.6359374999999999,0.5985962988802158,-1.1102230246251565e-16,0.0,0.6359375,0.5985962988802158,,True
LoRA-BIRM (Official),10,source_color_contrast,0.1,-5.551115123125783e-15,0.0,0.6359375,0.5985962988802157,0.0,-1.1102230246251565e-16,0.6359375,0.5985962988802158,,True
LoRA-BIRM (Official),10,source_label_noise,0.02,-0.6230468750000107,0.5232010792255992,0.6234765624999999,0.6090603204647278,-0.012460937500000102,0.010464021584511984,0.6359375,0.5985962988802158,,True
LoRA-BIRM (Official),10,source_label_noise,0.05,-0.6230468750000107,0.5232010792255992,0.6047851562500001,0.6247563528414958,-0.031152343749999978,0.02616005396127996,0.6359375,0.5985962988802158,,True
LoRA-BIRM (Official),10,source_label_noise,0.1,-0.6230468750000107,0.5232010792255992,0.5736328125000001,0.6509164068027757,-0.062304687499999956,0.05232010792255992,0.6359375,0.5985962988802158,,True
ERM,11,source_color_common,0.02,-0.6919150339344871,1.0248257267095688,0.8340132618213102,0.40381347174393173,-0.013838300678689963,0.020496514534191268,0.8478515625000002,0.38331695720974046,0.1089999973773956,True
ERM,11,source_color_common,0.05,-0.6919150339344871,1.0248257267095688,0.8132558108032754,0.43455824354521877,-0.0345957516967248,0.05124128633547831,0.8478515625000002,0.38331695720974046,0.1089999973773956,True
ERM,11,source_color_common,0.1,-0.6919150339344871,1.0248257267095688,0.7786600591065507,0.4857995298806972,-0.06919150339344948,0.10248257267095673,0.8478515625000002,0.38331695720974046,0.1089999973773956,True
ERM,11,source_color_contrast,0.02,0.0,-2.7755575615628914e-15,0.8478515625,0.3833169572097403,-1.1102230246251565e-16,-1.6653345369377348e-16,0.8478515625000002,0.38331695720974046,0.1089999973773956,True
ERM,11,source_color_contrast,0.05,0.0,-2.7755575615628914e-15,0.8478515625,0.38331695720974035,-1.1102230246251565e-16,-1.1102230246251565e-16,0.8478515625000002,0.38331695720974046,0.1089999973773956,True
ERM,11,source_color_contrast,0.1,0.0,-2.7755575615628914e-15,0.8478515624999998,0.38331695720974046,-3.3306690738754696e-16,0.0,0.8478515625000002,0.38331695720974046,0.1089999973773956,True
ERM,11,source_label_noise,0.02,-0.021484375000008216,0.358822682937987,0.847421875,0.39049341086850015,-0.0004296875000001643,0.007176453658759685,0.8478515625000002,0.38331695720974046,0.1089999973773956,True
ERM,11,source_label_noise,0.05,-0.021484375000008216,0.358822682937987,0.8467773437499999,0.4012580913566398,-0.0010742187500002442,0.01794113414689935,0.8478515625000002,0.38331695720974046,0.1089999973773956,True
ERM,11,source_label_noise,0.1,-0.021484375000008216,0.358822682937987,0.845703125,0.4191992255035393,-0.0021484375000001554,0.035882268293798814,0.8478515625000002,0.38331695720974046,0.1089999973773956,True
CORAL,11,source_color_common,0.02,-0.6932961018664974,1.0225381798423416,0.83418095296267,0.4037985894781115,-0.013865922037330058,0.020450763596846666,0.8480468750000001,0.3833478258812648,0.1076999977231025,True
CORAL,11,source_color_common,0.05,-0.6932961018664974,1.0225381798423416,0.813382069906675,0.43447473487338173,-0.034664805093325035,0.051126908992116915,0.8480468750000001,0.3833478258812648,0.1076999977231025,True
CORAL,11,source_color_common,0.1,-0.6932961018664974,1.0225381798423416,0.7787172648133502,0.48560164386549853,-0.06932961018664985,0.10225381798423372,0.8480468750000001,0.3833478258812648,0.1076999977231025,True
CORAL,11,source_color_contrast,0.02,5.551115123125783e-15,-5.551115123125783e-15,0.8480468749999999,0.38334782588126476,-2.220446049250313e-16,-5.551115123125783e-17,0.8480468750000001,0.3833478258812648,0.1076999977231025,True
CORAL,11,source_color_contrast,0.05,5.551115123125783e-15,-5.551115123125783e-15,0.848046875,0.3833478258812648,-1.1102230246251565e-16,0.0,0.8480468750000001,0.3833478258812648,0.1076999977231025,True
CORAL,11,source_color_contrast,0.1,5.551115123125783e-15,-5.551115123125783e-15,0.848046875,0.3833478258812647,-1.1102230246251565e-16,-1.1102230246251565e-16,0.8480468750000001,0.3833478258812648,0.1076999977231025,True
CORAL,11,source_label_noise,0.02,-0.019531250000009992,0.3561714293969953,0.84765625,0.3904712544692048,-0.0003906250000000888,0.007123428587939962,0.8480468750000001,0.3833478258812648,0.1076999977231025,True
CORAL,11,source_label_noise,0.05,-0.019531250000009992,0.3561714293969953,0.8470703124999999,0.40115639735111475,-0.000976562500000222,0.017808571469849932,0.8480468750000001,0.3833478258812648,0.1076999977231025,True
CORAL,11,source_label_noise,0.1,-0.019531250000009992,0.3561714293969953,0.8460937500000001,0.4189649688209647,-0.001953125,0.035617142939699864,0.8480468750000001,0.3833478258812648,0.1076999977231025,True
IRMv1,11,source_color_common,0.02,-0.006905339660029375,0.02326868104864377,0.6346275182067996,0.6407550916734818,-0.00013810679320047647,0.0004653736209728754,0.6347656250000001,0.6402897180525089,0.663100004196167,True
IRMv1,11,source_color_common,0.05,-0.006905339660029375,0.02326868104864377,0.6344203580169987,0.6414531521049409,-0.00034526698300141323,0.001163434052432022,0.6347656250000001,0.6402897180525089,0.663100004196167,True
IRMv1,11,source_color_common,0.1,-0.006905339660029375,0.02326868104864377,0.6340750910339976,0.6426165861573733,-0.0006905339660024934,0.002326868104864377,0.6347656250000001,0.6402897180525089,0.663100004196167,True
IRMv1,11,source_color_contrast,0.02,1.1102230246251565e-14,0.0,0.634765625,0.6402897180525088,-1.1102230246251565e-16,-1.1102230246251565e-16,0.6347656250000001,0.6402897180525089,0.663100004196167,True
IRMv1,11,source_color_contrast,0.05,1.1102230246251565e-14,0.0,0.6347656250000001,0.6402897180525088,0.0,-1.1102230246251565e-16,0.6347656250000001,0.6402897180525089,0.663100004196167,True
IRMv1,11,source_color_contrast,0.1,1.1102230246251565e-14,0.0,0.634765625,0.6402897180525088,-1.1102230246251565e-16,-1.1102230246251565e-16,0.6347656250000001,0.6402897180525089,0.663100004196167,True
IRMv1,11,source_label_noise,0.02,-0.5253906250000051,0.34518689205796926,0.6242578124999998,0.6471934558936683,-0.010507812500000324,0.006903737841159385,0.6347656250000001,0.6402897180525089,0.663100004196167,True
IRMv1,11,source_label_noise,0.05,-0.5253906250000051,0.34518689205796926,0.60849609375,0.6575490626554075,-0.02626953125000009,0.017259344602898574,0.6347656250000001,0.6402897180525089,0.663100004196167,True
IRMv1,11,source_label_noise,0.1,-0.5253906250000051,0.34518689205796926,0.5822265625,0.674808407258306,-0.05253906250000007,0.03451868920579715,0.6347656250000001,0.6402897180525089,0.663100004196167,True
VREX,11,source_color_common,0.02,-0.24583009189688143,0.026238211344126183,0.6900052731620622,0.6718189658578478,-0.004916601837937851,0.0005247642268823016,0.694921875,0.6712942016309655,0.4814999997615814,True
VREX,11,source_color_common,0.05,-0.24583009189688143,0.026238211344126183,0.6826303704051557,0.6726061121981716,-0.012291504594844294,0.0013119105672060316,0.694921875,0.6712942016309655,0.4814999997615814,True
VREX,11,source_color_common,0.1,-0.24583009189688143,0.026238211344126183,0.6703388658103114,0.6739180227653777,-0.024583009189688587,0.0026238211344121742,0.694921875,0.6712942016309655,0.4814999997615814,True
VREX,11,source_color_contrast,0.02,5.551115123125783e-15,5.551115123125783e-15,0.6949218749999999,0.6712942016309654,-1.1102230246251565e-16,-1.1102230246251565e-16,0.694921875,0.6712942016309655,0.4814999997615814,True
VREX,11,source_color_contrast,0.05,5.551115123125783e-15,5.551115123125783e-15,0.694921875,0.6712942016309654,0.0,-1.1102230246251565e-16,0.694921875,0.6712942016309655,0.4814999997615814,True
VREX,11,source_color_contrast,0.1,5.551115123125783e-15,5.551115123125783e-15,0.6949218749999998,0.6712942016309654,-2.220446049250313e-16,-1.1102230246251565e-16,0.694921875,0.6712942016309655,0.4814999997615814,True
VREX,11,source_label_noise,0.02,-0.29296875,0.03917331963931292,0.6890625,0.6720776680237517,-0.005859375,0.0007834663927861474,0.694921875,0.6712942016309655,0.4814999997615814,True
VREX,11,source_label_noise,0.05,-0.29296875,0.03917331963931292,0.6802734375,0.6732528676129311,-0.0146484375,0.0019586659819655905,0.694921875,0.6712942016309655,0.4814999997615814,True
VREX,11,source_label_noise,0.1,-0.29296875,0.03917331963931292,0.6656250000000001,0.6752115335948967,-0.02929687499999989,0.003917331963931181,0.694921875,0.6712942016309655,0.4814999997615814,True
FISHR,11,source_color_common,0.02,-0.15744174424857094,0.028662700270692953,0.6929449151150286,0.6672800280399965,-0.0031488348849715297,0.000573254005413748,0.6960937500000002,0.6667067740345828,0.5764999985694885,True
FISHR,11,source_color_common,0.05,-0.15744174424857094,0.028662700270692953,0.6882216627875717,0.668139909048117,-0.007872087212428491,0.001433135013534259,0.6960937500000002,0.6667067740345828,0.5764999985694885,True
FISHR,11,source_color_common,0.1,-0.15744174424857094,0.028662700270692953,0.6803495755751433,0.6695730440616514,-0.01574417442485687,0.002866270027068629,0.6960937500000002,0.6667067740345828,0.5764999985694885,True
FISHR,11,source_color_contrast,0.02,5.551115123125783e-15,-5.551115123125783e-15,0.6960937499999998,0.6667067740345828,-3.3306690738754696e-16,0.0,0.6960937500000002,0.6667067740345828,0.5764999985694885,True
FISHR,11,source_color_contrast,0.05,5.551115123125783e-15,-5.551115123125783e-15,0.6960937500000001,0.6667067740345829,-1.1102230246251565e-16,1.1102230246251565e-16,0.6960937500000002,0.6667067740345828,0.5764999985694885,True
FISHR,11,source_color_contrast,0.1,5.551115123125783e-15,-5.551115123125783e-15,0.69609375,0.6667067740345829,-2.220446049250313e-16,1.1102230246251565e-16,0.6960937500000002,0.6667067740345828,0.5764999985694885,True
FISHR,11,source_label_noise,0.02,-0.47265624999999756,0.05349669006808888,0.6866406250000001,0.6677767078359448,-0.009453125000000062,0.0010699338013619997,0.6960937500000002,0.6667067740345828,0.5764999985694885,True
FISHR,11,source_label_noise,0.05,-0.47265624999999756,0.05349669006808888,0.6724609375,0.6693816085379877,-0.023632812500000155,0.002674834503404888,0.6960937500000002,0.6667067740345828,0.5764999985694885,True
FISHR,11,source_label_noise,0.1,-0.47265624999999756,0.05349669006808888,0.6488281250000001,0.6720564430413924,-0.04726562500000009,0.005349669006809665,0.6960937500000002,0.6667067740345828,0.5764999985694885,True
Full-BIRM (Official),11,source_color_common,0.02,0.012429611388048434,0.008640762969008842,0.6527876547277609,0.6304911775105625,0.00024859222776085765,0.0001728152593800658,0.6525390625,0.6303183622511824,,True
Full-BIRM (Official),11,source_color_common,0.05,0.012429611388048434,0.008640762969008842,0.6531605430694023,0.6307504003996324,0.0006214805694022552,0.0004320381484499425,0.6525390625,0.6303183622511824,,True
Full-BIRM (Official),11,source_color_common,0.1,0.012429611388048434,0.008640762969008842,0.6537820236388043,0.6311824385480825,0.0012429611388042883,0.000864076296900107,0.6525390625,0.6303183622511824,,True
Full-BIRM (Official),11,source_color_contrast,0.02,0.0,1.1102230246251565e-14,0.6525390624999999,0.6303183622511823,-1.1102230246251565e-16,-1.1102230246251565e-16,0.6525390625,0.6303183622511824,,True
Full-BIRM (Official),11,source_color_contrast,0.05,0.0,1.1102230246251565e-14,0.6525390625,0.6303183622511824,0.0,0.0,0.6525390625,0.6303183622511824,,True
Full-BIRM (Official),11,source_color_contrast,0.1,0.0,1.1102230246251565e-14,0.6525390624999999,0.6303183622511824,-1.1102230246251565e-16,0.0,0.6525390625,0.6303183622511824,,True
Full-BIRM (Official),11,source_label_noise,0.02,-0.6347656250000056,0.4672611290192308,0.6398437499999999,0.6396635848315673,-0.012695312500000111,0.009345222580384838,0.6525390625,0.6303183622511824,,True
Full-BIRM (Official),11,source_label_noise,0.05,-0.6347656250000056,0.4672611290192308,0.6208007812499999,0.6536814187021446,-0.03173828125000011,0.02336305645096215,0.6525390625,0.6303183622511824,,True
Full-BIRM (Official),11,source_label_noise,0.1,-0.6347656250000056,0.4672611290192308,0.5890624999999999,0.6770444751531068,-0.06347656250000011,0.04672611290192441,0.6525390625,0.6303183622511824,,True
LoRA-BIRM (Official),11,source_color_common,0.02,-0.030383494504110375,0.08541582323646213,0.6238063926099178,0.6210839295469587,-0.0006076698900823185,0.0017083164647291316,0.6244140625000001,0.6193756130822295,,True
LoRA-BIRM (Official),11,source_color_common,0.05,-0.030383494504110375,0.08541582323646213,0.6228948877747945,0.6236464042440525,-0.0015191747252055743,0.00427079116182294,0.6244140625000001,0.6193756130822295,,True
LoRA-BIRM (Official),11,source_color_common,0.1,-0.030383494504110375,0.08541582323646213,0.621375713049589,0.6279171954058755,-0.0030383494504110375,0.008541582323645991,0.6244140625000001,0.6193756130822295,,True
LoRA-BIRM (Official),11,source_color_contrast,0.02,1.1102230246251565e-14,5.551115123125783e-15,0.6244140624999999,0.6193756130822294,-2.220446049250313e-16,-1.1102230246251565e-16,0.6244140625000001,0.6193756130822295,,True
LoRA-BIRM (Official),11,source_color_contrast,0.05,1.1102230246251565e-14,5.551115123125783e-15,0.6244140625,0.6193756130822294,-1.1102230246251565e-16,-1.1102230246251565e-16,0.6244140625000001,0.6193756130822295,,True
LoRA-BIRM (Official),11,source_color_contrast,0.1,1.1102230246251565e-14,5.551115123125783e-15,0.6244140625000001,0.6193756130822294,0.0,-1.1102230246251565e-16,0.6244140625000001,0.6193756130822295,,True
LoRA-BIRM (Official),11,source_label_noise,0.02,-0.4375000000000073,0.3621909054374539,0.6156640625,0.6266194311909786,-0.008750000000000036,0.007243818108749078,0.6244140625000001,0.6193756130822295,,True
LoRA-BIRM (Official),11,source_label_noise,0.05,-0.4375000000000073,0.3621909054374539,0.6025390625,0.6374851583541022,-0.02187500000000009,0.018109545271872696,0.6244140625000001,0.6193756130822295,,True
LoRA-BIRM (Official),11,source_label_noise,0.1,-0.4375000000000073,0.3621909054374539,0.5806640625,0.6555947036259749,-0.04375000000000007,0.03621909054374539,0.6244140625000001,0.6193756130822295,,True
ERM,12,source_color_common,0.02,-0.6988203735945109,1.1028232572274477,0.8338751550281096,0.40936238043663487,-0.01397640747189044,0.022056465144548898,0.8478515625,0.38730591529208597,0.1042999997735023,True
ERM,12,source_color_common,0.05,-0.6988203735945109,1.1028232572274477,0.8129105438202742,0.44244707815345813,-0.03494101867972588,0.05514116286137216,0.8478515625,0.38730591529208597,0.1042999997735023,True
ERM,12,source_color_common,0.1,-0.6988203735945109,1.1028232572274477,0.7779695251405482,0.49758824101483035,-0.06988203735945187,0.11028232572274438,0.8478515625,0.38730591529208597,0.1042999997735023,True
ERM,12,source_color_contrast,0.02,0.0,0.0,0.8478515624999999,0.38730591529208597,-1.1102230246251565e-16,0.0,0.8478515625,0.38730591529208597,0.1042999997735023,True
ERM,12,source_color_contrast,0.05,0.0,0.0,0.8478515625,0.38730591529208597,0.0,0.0,0.8478515625,0.38730591529208597,0.1042999997735023,True
ERM,12,source_color_contrast,0.1,0.0,0.0,0.8478515624999998,0.38730591529208597,-2.220446049250313e-16,0.0,0.8478515625,0.38730591529208597,0.1042999997735023,True
ERM,12,source_label_noise,0.02,-0.007812500000003997,0.35107312327682105,0.8476953125000001,0.3943273777576224,-0.00015624999999996891,0.007021462465536421,0.8478515625,0.38730591529208597,0.1042999997735023,True
ERM,12,source_label_noise,0.05,-0.007812500000003997,0.35107312327682105,0.8474609375,0.4048595714559269,-0.0003906250000000888,0.017553656163840914,0.8478515625,0.38730591529208597,0.1042999997735023,True
ERM,12,source_label_noise,0.1,-0.007812500000003997,0.35107312327682105,0.8470703125000001,0.4224132276197679,-0.0007812499999999556,0.03510731232768194,0.8478515625,0.38730591529208597,0.1042999997735023,True
CORAL,12,source_color_common,0.02,-0.6974393056625117,1.0997441990630963,0.8337074638867498,0.4092852927031632,-0.013948786113250233,0.021994883981261926,0.84765625,0.3872904087219013,0.1045999974012374,True
CORAL,12,source_color_common,0.05,-0.6974393056625117,1.0997441990630963,0.8127842847168746,0.4422776186750562,-0.03487196528312542,0.054987209953154925,0.84765625,0.3872904087219013,0.1045999974012374,True
CORAL,12,source_color_common,0.1,-0.6974393056625117,1.0997441990630963,0.7779123194337487,0.4972648286282112,-0.06974393056625128,0.1099744199063099,0.84765625,0.3872904087219013,0.1045999974012374,True
CORAL,12,source_color_contrast,0.02,5.551115123125783e-15,5.551115123125783e-15,0.84765625,0.3872904087219012,0.0,-1.1102230246251565e-16,0.84765625,0.3872904087219013,0.1045999974012374,True
CORAL,12,source_color_contrast,0.05,5.551115123125783e-15,5.551115123125783e-15,0.8476562500000002,0.38729040872190124,2.220446049250313e-16,-5.551115123125783e-17,0.84765625,0.3872904087219013,0.1045999974012374,True
CORAL,12,source_color_contrast,0.1,5.551115123125783e-15,5.551115123125783e-15,0.8476562499999999,0.3872904087219013,-1.1102230246251565e-16,0.0,0.84765625,0.3872904087219013,0.1045999974012374,True
CORAL,12,source_label_noise,0.02,-0.00976562500000222,0.34963759790025695,0.8474609375,0.3942831606799063,-0.0001953125000000444,0.006992751958005028,0.84765625,0.3872904087219013,0.1045999974012374,True
CORAL,12,source_label_noise,0.05,-0.00976562500000222,0.34963759790025695,0.8471679687499999,0.404772288616914,-0.000488281250000111,0.01748187989501271,0.84765625,0.3872904087219013,0.1045999974012374,True
CORAL,12,source_label_noise,0.1,-0.00976562500000222,0.34963759790025695,0.8466796874999999,0.42225416851192676,-0.000976562500000111,0.03496375979002547,0.84765625,0.3872904087219013,0.1045999974012374,True
IRMv1,12,source_color_common,0.02,0.0704344645322541,-0.0015947140590111264,0.585197751790645,0.6580836588264745,0.001408689290644971,-3.189428118033355e-05,0.5837890625000001,0.6581155531076548,0.6725000143051147,True
IRMv1,12,source_color_common,0.05,0.0704344645322541,-0.0015947140590111264,0.5873107857266128,0.6580358174047042,0.003521723226612705,-7.973570295061183e-05,0.5837890625000001,0.6581155531076548,0.6725000143051147,True
IRMv1,12,source_color_common,0.1,0.0704344645322541,-0.0015947140590111264,0.5908325089532254,0.6579560817017537,0.007043446453225299,-0.00015947140590111264,0.5837890625000001,0.6581155531076548,0.6725000143051147,True
IRMv1,12,source_color_contrast,0.02,0.0,5.551115123125783e-15,0.5837890624999998,0.6581155531076547,-2.220446049250313e-16,-1.1102230246251565e-16,0.5837890625000001,0.6581155531076548,0.6725000143051147,True
IRMv1,12,source_color_contrast,0.05,0.0,5.551115123125783e-15,0.5837890625,0.6581155531076548,-1.1102230246251565e-16,0.0,0.5837890625000001,0.6581155531076548,0.6725000143051147,True
IRMv1,12,source_color_contrast,0.1,0.0,5.551115123125783e-15,0.5837890625,0.6581155531076546,-1.1102230246251565e-16,-2.220446049250313e-16,0.5837890625000001,0.6581155531076548,0.6725000143051147,True
IRMv1,12,source_label_noise,0.02,-0.47460937500001243,0.3292212612741374,0.5742968749999999,0.6646999783331377,-0.009492187500000138,0.0065844252254828595,0.5837890625000001,0.6581155531076548,0.6725000143051147,True
IRMv1,12,source_label_noise,0.05,-0.47460937500001243,0.3292212612741374,0.5600585937499999,0.6745766161713619,-0.023730468750000178,0.016461063063707093,0.5837890625000001,0.6581155531076548,0.6725000143051147,True
IRMv1,12,source_label_noise,0.1,-0.47460937500001243,0.3292212612741374,0.536328125,0.691037679235069,-0.04746093750000002,0.032922126127414186,0.5837890625000001,0.6581155531076548,0.6725000143051147,True
VREX,12,source_color_common,0.02,-0.030383494504110375,0.008670209344868729,0.6257595176099178,0.6789984544440345,-0.0006076698900822075,0.00017340418689715253,0.6263671875,0.6788250502571374,0.6177999973297119,True
VREX,12,source_color_common,0.05,-0.030383494504110375,0.008670209344868729,0.6248480127747945,0.6792585607243804,-0.0015191747252054633,0.00043351046724304787,0.6263671875,0.6788250502571374,0.6177999973297119,True
VREX,12,source_color_common,0.1,-0.030383494504110375,0.008670209344868729,0.6233288380495892,0.6796920711916231,-0.0030383494504108155,0.0008670209344857627,0.6263671875,0.6788250502571374,0.6177999973297119,True
VREX,12,source_color_contrast,0.02,5.551115123125783e-15,-1.6653345369377348e-14,0.6263671874999999,0.6788250502571372,-1.1102230246251565e-16,-1.1102230246251565e-16,0.6263671875,0.6788250502571374,0.6177999973297119,True
VREX,12,source_color_contrast,0.05,5.551115123125783e-15,-1.6653345369377348e-14,0.6263671875000001,0.6788250502571372,1.1102230246251565e-16,-1.1102230246251565e-16,0.6263671875,0.6788250502571374,0.6177999973297119,True
VREX,12,source_color_contrast,0.1,5.551115123125783e-15,-1.6653345369377348e-14,0.6263671875000001,0.6788250502571374,1.1102230246251565e-16,0.0,0.6263671875,0.6788250502571374,0.6177999973297119,True
VREX,12,source_label_noise,0.02,-0.4453125000000002,0.04382975984754678,0.6174609375,0.679701645454088,-0.008906250000000004,0.0008765951969506025,0.6263671875,0.6788250502571374,0.6177999973297119,True
VREX,12,source_label_noise,0.05,-0.4453125000000002,0.04382975984754678,0.6041015625,0.6810165382495142,-0.022265624999999956,0.002191487992376895,0.6263671875,0.6788250502571374,0.6177999973297119,True
VREX,12,source_label_noise,0.1,-0.4453125000000002,0.04382975984754678,0.5818359375000002,0.6832080262418913,-0.0445312499999998,0.004382975984753901,0.6263671875,0.6788250502571374,0.6177999973297119,True
FISHR,12,source_color_common,0.02,-0.14501213286052805,0.018198834659843843,0.6865528823427894,0.6740137963933279,-0.002900242657210561,0.00036397669319687687,0.689453125,0.673649819700131,0.5576000213623047,True
FISHR,12,source_color_common,0.05,-0.14501213286052805,0.018198834659843843,0.6822025183569739,0.6745597614331235,-0.007250606643026125,0.0009099417329924142,0.689453125,0.673649819700131,0.5576000213623047,True
FISHR,12,source_color_common,0.1,-0.14501213286052805,0.018198834659843843,0.6749519117139479,0.6754697031661158,-0.01450121328605214,0.0018198834659847174,0.689453125,0.673649819700131,0.5576000213623047,True
FISHR,12,source_color_contrast,0.02,5.551115123125783e-15,0.0,0.689453125,0.6736498197001309,0.0,-1.1102230246251565e-16,0.689453125,0.673649819700131,0.5576000213623047,True
FISHR,12,source_color_contrast,0.05,5.551115123125783e-15,0.0,0.6894531249999999,0.6736498197001309,-1.1102230246251565e-16,-1.1102230246251565e-16,0.689453125,0.673649819700131,0.5576000213623047,True
FISHR,12,source_color_contrast,0.1,5.551115123125783e-15,0.0,0.6894531249999999,0.673649819700131,-1.1102230246251565e-16,0.0,0.689453125,0.673649819700131,0.5576000213623047,True
FISHR,12,source_label_noise,0.02,-0.4707031250000049,0.045134062573565226,0.6800390625,0.6745525009516024,-0.009414062499999987,0.0009026812514713045,0.689453125,0.673649819700131,0.5576000213623047,True
FISHR,12,source_label_noise,0.05,-0.4707031250000049,0.045134062573565226,0.66591796875,0.6759065228288091,-0.023535156250000022,0.0022567031286780947,0.689453125,0.673649819700131,0.5576000213623047,True
FISHR,12,source_label_noise,0.1,-0.4707031250000049,0.045134062573565226,0.6423828125,0.6781632259574871,-0.047070312500000044,0.0045134062573560785,0.689453125,0.673649819700131,0.5576000213623047,True
Full-BIRM (Official),12,source_color_common,0.02,-0.005524271728013508,0.02839316032582917,0.6696160770654395,0.6197008807378108,-0.00011048543456071425,0.0005678632065165834,0.6697265625000002,0.6191330175312942,,True
Full-BIRM (Official),12,source_color_common,0.05,-0.005524271728013508,0.02839316032582917,0.669450348913599,0.620552675547586,-0.000276213586401175,0.001419658016291736,0.6697265625000002,0.6191330175312942,,True
Full-BIRM (Official),12,source_color_common,0.1,-0.005524271728013508,0.02839316032582917,0.6691741353271982,0.6219723335638779,-0.0005524271728020169,0.002839316032583694,0.6697265625000002,0.6191330175312942,,True
Full-BIRM (Official),12,source_color_contrast,0.02,5.551115123125783e-15,5.551115123125783e-15,0.6697265625000001,0.6191330175312942,-1.1102230246251565e-16,0.0,0.6697265625000002,0.6191330175312942,,True
Full-BIRM (Official),12,source_color_contrast,0.05,5.551115123125783e-15,5.551115123125783e-15,0.6697265625,0.6191330175312942,-2.220446049250313e-16,0.0,0.6697265625000002,0.6191330175312942,,True
Full-BIRM (Official),12,source_color_contrast,0.1,5.551115123125783e-15,5.551115123125783e-15,0.6697265625,0.6191330175312941,-2.220446049250313e-16,-1.1102230246251565e-16,0.6697265625000002,0.6191330175312942,,True
Full-BIRM (Official),12,source_label_noise,0.02,-0.6679687500000031,0.44810998744105324,0.6563671874999999,0.6280952172801155,-0.013359375000000284,0.008962199748821287,0.6697265625000002,0.6191330175312942,,True
Full-BIRM (Official),12,source_label_noise,0.05,-0.6679687500000031,0.44810998744105324,0.6363281249999999,0.6415385169033471,-0.033398437500000266,0.02240549937205283,0.6697265625000002,0.6191330175312942,,True
Full-BIRM (Official),12,source_label_noise,0.1,-0.6679687500000031,0.44810998744105324,0.6029296875000001,0.6639440162753999,-0.06679687500000009,0.04481099874410566,0.6697265625000002,0.6191330175312942,,True
LoRA-BIRM (Official),12,source_color_common,0.02,0.10496116283238432,0.0434964732391907,0.5995601607566475,0.6228397777347024,0.0020992232566475755,0.0008699294647838141,0.5974609375,0.6219698482699186,,True
LoRA-BIRM (Official),12,source_color_common,0.05,0.10496116283238432,0.0434964732391907,0.602708995641619,0.6241446719318781,0.005248058141618994,0.002174823661959424,0.5974609375,0.6219698482699186,,True
LoRA-BIRM (Official),12,source_color_common,0.1,0.10496116283238432,0.0434964732391907,0.6079570537832378,0.6263194955938375,0.010496116283237877,0.004349647323918848,0.5974609375,0.6219698482699186,,True
LoRA-BIRM (Official),12,source_color_contrast,0.02,0.0,5.551115123125783e-15,0.5974609375,0.6219698482699185,0.0,-1.1102230246251565e-16,0.5974609375,0.6219698482699186,,True
LoRA-BIRM (Official),12,source_color_contrast,0.05,0.0,5.551115123125783e-15,0.5974609375000001,0.6219698482699186,1.1102230246251565e-16,0.0,0.5974609375,0.6219698482699186,,True
LoRA-BIRM (Official),12,source_color_contrast,0.1,0.0,5.551115123125783e-15,0.5974609375,0.6219698482699187,0.0,1.1102230246251565e-16,0.5974609375,0.6219698482699186,,True
LoRA-BIRM (Official),12,source_label_noise,0.02,-0.597656250000006,0.38026829824612807,0.5855078125,0.6295752142348411,-0.011953125000000009,0.00760536596492245,0.5974609375,0.6219698482699186,,True
LoRA-BIRM (Official),12,source_label_noise,0.05,-0.597656250000006,0.38026829824612807,0.5675781249999999,0.6409832631822245,-0.029882812500000022,0.019013414912305904,0.5974609375,0.6219698482699186,,True
LoRA-BIRM (Official),12,source_label_noise,0.1,-0.597656250000006,0.38026829824612807,0.5376953125,0.6599966780945306,-0.05976562499999993,0.03802682982461192,0.5974609375,0.6219698482699186,,True
ERM,13,source_color_common,0.02,-0.6946771697985021,1.0194167029068695,0.83434864410403,0.40282440291762533,-0.013893543395970043,0.020388334058137392,0.8482421875,0.38243606885948794,0.1162000000476837,True
ERM,13,source_color_common,0.05,-0.6946771697985021,1.0194167029068695,0.813508329010075,0.4334069040048315,-0.03473385848992505,0.05097083514534356,0.8482421875,0.38243606885948794,0.1162000000476837,True
ERM,13,source_color_common,0.1,-0.6946771697985021,1.0194167029068695,0.7787744705201496,0.4843777391501753,-0.06946771697985044,0.10194167029068735,0.8482421875,0.38243606885948794,0.1162000000476837,True
ERM,13,source_color_contrast,0.02,5.551115123125783e-15,2.7755575615628914e-15,0.8482421874999999,0.38243606885948794,-1.1102230246251565e-16,0.0,0.8482421875,0.38243606885948794,0.1162000000476837,True
ERM,13,source_color_contrast,0.05,5.551115123125783e-15,2.7755575615628914e-15,0.8482421875,0.38243606885948794,0.0,0.0,0.8482421875,0.38243606885948794,0.1162000000476837,True
ERM,13,source_color_contrast,0.1,5.551115123125783e-15,2.7755575615628914e-15,0.8482421875,0.38243606885948794,0.0,0.0,0.8482421875,0.38243606885948794,0.1162000000476837,True
ERM,13,source_label_noise,0.02,-0.017578125000000666,0.3667743730426082,0.8478906250000001,0.38977155632034005,-0.0003515624999999023,0.007335487460852108,0.8482421875,0.38243606885948794,0.1162000000476837,True
ERM,13,source_label_noise,0.05,-0.017578125000000666,0.3667743730426082,0.84736328125,0.40077478751161827,-0.0008789062499999778,0.018338718652130326,0.8482421875,0.38243606885948794,0.1162000000476837,True
ERM,13,source_label_noise,0.1,-0.017578125000000666,0.3667743730426082,0.846484375,0.41911350616374876,-0.0017578125000000666,0.03667743730426082,0.8482421875,0.38243606885948794,0.1162000000476837,True
CORAL,13,source_color_common,0.02,-0.6960582377305014,1.0190656798371445,0.8345163352453898,0.4027721385291605,-0.013921164754610249,0.02038131359674278,0.8484375000000001,0.3823908249324177,0.1165999993681907,True
CORAL,13,source_color_common,0.05,-0.6960582377305014,1.0190656798371445,0.8136345881134746,0.43334410892427466,-0.03480291188652551,0.050953283991856946,0.8484375000000001,0.3823908249324177,0.1165999993681907,True
CORAL,13,source_color_common,0.1,-0.6960582377305014,1.0190656798371445,0.7788316762269492,0.4842973929161318,-0.06960582377305091,0.10190656798371406,0.8484375000000001,0.3823908249324177,0.1165999993681907,True
CORAL,13,source_color_contrast,0.02,0.0,2.7755575615628914e-15,0.8484375,0.38239082493241766,-1.1102230246251565e-16,-5.551115123125783e-17,0.8484375000000001,0.3823908249324177,0.1165999993681907,True
CORAL,13,source_color_contrast,0.05,0.0,2.7755575615628914e-15,0.8484375000000001,0.3823908249324177,0.0,0.0,0.8484375000000001,0.3823908249324177,0.1165999993681907,True
CORAL,13,source_color_contrast,0.1,0.0,2.7755575615628914e-15,0.8484374999999998,0.3823908249324177,-2.220446049250313e-16,0.0,0.8484375000000001,0.3823908249324177,0.1165999993681907,True
CORAL,13,source_label_noise,0.02,-0.015624999999996891,0.36716609651321064,0.8481249999999999,0.3897341468626819,-0.00031250000000015987,0.007343321930264157,0.8484375000000001,0.3823908249324177,0.1165999993681907,True
CORAL,13,source_label_noise,0.05,-0.015624999999996891,0.36716609651321064,0.8476562499999999,0.40074912975807814,-0.0007812500000001776,0.01835830482566042,0.8484375000000001,0.3823908249324177,0.1165999993681907,True
CORAL,13,source_label_noise,0.1,-0.015624999999996891,0.36716609651321064,0.846875,0.4191074345837387,-0.0015625000000000222,0.03671660965132101,0.8484375000000001,0.3823908249324177,0.1165999993681907,True
IRMv1,13,source_color_common,0.02,0.12015291008443674,-0.027101491259712285,0.5654889957016886,0.6689087201995312,0.0024030582016885127,-0.0005420298251942457,0.5630859375000001,0.6694507500247254,0.6894000172615051,True
IRMv1,13,source_color_common,0.05,0.12015291008443674,-0.027101491259712285,0.5690935830042216,0.6680956754617398,0.006007645504221504,-0.0013550745629856698,0.5630859375000001,0.6694507500247254,0.6894000172615051,True
IRMv1,13,source_color_common,0.1,0.12015291008443674,-0.027101491259712285,0.5751012285084434,0.6667406008987536,0.01201529100844323,-0.0027101491259717836,0.5630859375000001,0.6694507500247254,0.6894000172615051,True
IRMv1,13,source_color_contrast,0.02,0.0,0.0,0.5630859374999999,0.6694507500247255,-2.220446049250313e-16,1.1102230246251565e-16,0.5630859375000001,0.6694507500247254,0.6894000172615051,True
IRMv1,13,source_color_contrast,0.05,0.0,0.0,0.5630859375,0.6694507500247255,-1.1102230246251565e-16,1.1102230246251565e-16,0.5630859375000001,0.6694507500247254,0.6894000172615051,True
IRMv1,13,source_color_contrast,0.1,0.0,0.0,0.5630859375,0.6694507500247254,-1.1102230246251565e-16,0.0,0.5630859375000001,0.6694507500247254,0.6894000172615051,True
IRMv1,13,source_label_noise,0.02,-0.4902343750000038,0.27750605999881106,0.55328125,0.6750008712247018,-0.009804687500000187,0.005550121199976332,0.5630859375000001,0.6694507500247254,0.6894000172615051,True
IRMv1,13,source_label_noise,0.05,-0.4902343750000038,0.27750605999881106,0.53857421875,0.6833260530246662,-0.024511718750000133,0.013875302999940775,0.5630859375000001,0.6694507500247254,0.6894000172615051,True
IRMv1,13,source_label_noise,0.1,-0.4902343750000038,0.27750605999881106,0.5140625000000001,0.6972013560246069,-0.049023437500000044,0.02775060599988144,0.5630859375000001,0.6694507500247254,0.6894000172615051,True
VREX,13,source_color_common,0.02,-0.19334951048069482,0.01686478892717891,0.683633009790386,0.6782014300371163,-0.0038669902096141184,0.00033729577854335613,0.6875000000000001,0.677864134258573,0.4846999943256378,True
VREX,13,source_color_common,0.05,-0.19334951048069482,0.01686478892717891,0.6778325244759652,0.6787073737049314,-0.009667475524034908,0.0008432394463584458,0.6875000000000001,0.677864134258573,0.4846999943256378,True
VREX,13,source_color_common,0.1,-0.19334951048069482,0.01686478892717891,0.6681650489519304,0.67955061315129,-0.019334951048069704,0.0016864788927170027,0.6875000000000001,0.677864134258573,0.4846999943256378,True
VREX,13,source_color_contrast,0.02,0.0,-5.551115123125783e-15,0.6875,0.677864134258573,-1.1102230246251565e-16,0.0,0.6875000000000001,0.677864134258573,0.4846999943256378,True
VREX,13,source_color_contrast,0.05,0.0,-5.551115123125783e-15,0.6875,0.6778641342585728,-1.1102230246251565e-16,-1.1102230246251565e-16,0.6875000000000001,0.677864134258573,0.4846999943256378,True
VREX,13,source_color_contrast,0.1,0.0,-5.551115123125783e-15,0.6874999999999999,0.677864134258573,-2.220446049250313e-16,0.0,0.6875000000000001,0.677864134258573,0.4846999943256378,True
VREX,13,source_label_noise,0.02,-0.36718749999999356,0.029734146562121477,0.6801562500000001,0.6784588171898153,-0.007343749999999982,0.0005946829312423185,0.6875000000000001,0.677864134258573,0.4846999943256378,True
VREX,13,source_label_noise,0.05,-0.36718749999999356,0.029734146562121477,0.669140625,0.679350841586679,-0.018359375000000067,0.0014867073281060739,0.6875000000000001,0.677864134258573,0.4846999943256378,True
VREX,13,source_label_noise,0.1,-0.36718749999999356,0.029734146562121477,0.6507812500000002,0.6808375489147852,-0.03671874999999991,0.0029734146562122588,0.6875000000000001,0.677864134258573,0.4846999943256378,True
FISHR,13,source_color_common,0.02,-0.17125242356861858,0.017375082455667323,0.6692312015286275,0.6739476632884669,-0.0034250484713725937,0.0003475016491131244,0.6726562500000001,0.6736001616393538,0.5199000239372253,True
FISHR,13,source_color_common,0.05,-0.17125242356861858,0.017375082455667323,0.6640936288215692,0.674468915762137,-0.008562621178430874,0.0008687541227831996,0.6726562500000001,0.6736001616393538,0.5199000239372253,True
FISHR,13,source_color_common,0.1,-0.17125242356861858,0.017375082455667323,0.6555310076431383,0.6753376698849202,-0.017125242356861747,0.0017375082455663993,0.6726562500000001,0.6736001616393538,0.5199000239372253,True
FISHR,13,source_color_contrast,0.02,5.551115123125783e-15,5.551115123125783e-15,0.67265625,0.6736001616393537,-1.1102230246251565e-16,-1.1102230246251565e-16,0.6726562500000001,0.6736001616393538,0.5199000239372253,True
FISHR,13,source_color_contrast,0.05,5.551115123125783e-15,5.551115123125783e-15,0.6726562500000001,0.6736001616393538,0.0,0.0,0.6726562500000001,0.6736001616393538,0.5199000239372253,True
FISHR,13,source_color_contrast,0.1,5.551115123125783e-15,5.551115123125783e-15,0.67265625,0.6736001616393537,-1.1102230246251565e-16,-1.1102230246251565e-16,0.6726562500000001,0.6736001616393538,0.5199000239372253,True
FISHR,13,source_label_noise,0.02,-0.3515625000000189,0.04864277458496158,0.6656249999999999,0.6745730171310529,-0.007031250000000155,0.0009728554916991206,0.6726562500000001,0.6736001616393538,0.5199000239372253,True
FISHR,13,source_label_noise,0.05,-0.3515625000000189,0.04864277458496158,0.6550781250000001,0.6760323003686016,-0.017578125,0.002432138729247857,0.6726562500000001,0.6736001616393538,0.5199000239372253,True
FISHR,13,source_label_noise,0.1,-0.3515625000000189,0.04864277458496158,0.6375000000000001,0.6784644390978498,-0.03515625,0.004864277458496047,0.6726562500000001,0.6736001616393538,0.5199000239372253,True
Full-BIRM (Official),13,source_color_common,0.02,-0.05524271728019614,0.06825052060826509,0.678582645654396,0.60744541366049,-0.0011048543456041449,0.0013650104121651907,0.6796875000000001,0.6060804032483248,,True
Full-BIRM (Official),13,source_color_common,0.05,-0.05524271728019614,0.06825052060826509,0.6769253641359901,0.6094929292787381,-0.0027621358640099736,0.00341252603041331,0.6796875000000001,0.6060804032483248,,True
Full-BIRM (Official),13,source_color_common,0.1,-0.05524271728019614,0.06825052060826509,0.67416322827198,0.6129054553091515,-0.005524271728020058,0.006825052060826731,0.6796875000000001,0.6060804032483248,,True
Full-BIRM (Official),13,source_color_contrast,0.02,-5.551115123125783e-15,0.0,0.6796875000000001,0.6060804032483248,0.0,0.0,0.6796875000000001,0.6060804032483248,,True
Full-BIRM (Official),13,source_color_contrast,0.05,-5.551115123125783e-15,0.0,0.6796874999999999,0.6060804032483247,-2.220446049250313e-16,-1.1102230246251565e-16,0.6796875000000001,0.6060804032483248,,True
Full-BIRM (Official),13,source_color_contrast,0.1,-5.551115123125783e-15,0.0,0.6796875,0.6060804032483248,-1.1102230246251565e-16,0.0,0.6796875000000001,0.6060804032483248,,True
Full-BIRM (Official),13,source_label_noise,0.02,-0.6093749999999953,0.48283859576076504,0.6675,0.6157371751635401,-0.012187500000000129,0.009656771915215301,0.6796875000000001,0.6060804032483248,,True
Full-BIRM (Official),13,source_label_noise,0.05,-0.6093749999999953,0.48283859576076504,0.64921875,0.6302223330363631,-0.030468750000000155,0.024141929788038308,0.6796875000000001,0.6060804032483248,,True
Full-BIRM (Official),13,source_label_noise,0.1,-0.6093749999999953,0.48283859576076504,0.61875,0.6543642628244016,-0.06093750000000009,0.04828385957607684,0.6796875000000001,0.6060804032483248,,True
LoRA-BIRM (Official),13,source_color_common,0.02,-0.05109951348418185,0.11062402784640657,0.6761264472303162,0.5903966291986497,-0.001021990269683859,0.0022124805569280204,0.6771484375000001,0.5881841486417216,,True
LoRA-BIRM (Official),13,source_color_common,0.05,-0.05109951348418185,0.11062402784640657,0.6745934618257908,0.593715350034042,-0.002554975674209259,0.0055312013923203285,0.6771484375000001,0.5881841486417216,,True
LoRA-BIRM (Official),13,source_color_common,0.1,-0.05109951348418185,0.11062402784640657,0.6720384861515817,0.5992465514263624,-0.005109951348418407,0.011062402784640768,0.6771484375000001,0.5881841486417216,,True
LoRA-BIRM (Official),13,source_color_contrast,0.02,0.0,0.0,0.6771484375,0.5881841486417216,-1.1102230246251565e-16,0.0,0.6771484375000001,0.5881841486417216,,True
LoRA-BIRM (Official),13,source_color_contrast,0.05,0.0,0.0,0.6771484375000001,0.5881841486417216,0.0,0.0,0.6771484375000001,0.5881841486417216,,True
LoRA-BIRM (Official),13,source_color_contrast,0.1,0.0,0.0,0.6771484375000001,0.5881841486417214,0.0,-2.220446049250313e-16,0.6771484375000001,0.5881841486417216,,True
LoRA-BIRM (Official),13,source_label_noise,0.02,-0.6074218750000027,0.5346588815064057,0.665,0.5988773262718495,-0.012148437500000053,0.010693177630127892,0.6771484375000001,0.5881841486417216,,True
LoRA-BIRM (Official),13,source_label_noise,0.05,-0.6074218750000027,0.5346588815064057,0.6467773437500001,0.6149170927170416,-0.030371093750000022,0.02673294407532001,0.6771484375000001,0.5881841486417216,,True
LoRA-BIRM (Official),13,source_label_noise,0.1,-0.6074218750000027,0.5346588815064057,0.61640625,0.6416500367923619,-0.060742187500000044,0.05346588815064024,0.6771484375000001,0.5881841486417216,,True
ERM,14,source_color_common,0.02,-0.6946771697985021,1.0077857822257286,0.83434864410403,0.40289802231744976,-0.013893543395970043,0.020155715644514516,0.8482421875,0.38274230667293524,0.1130999997258186,True
ERM,14,source_color_common,0.05,-0.6946771697985021,1.0077857822257286,0.813508329010075,0.43313159578422145,-0.03473385848992505,0.050389289111286206,0.8482421875,0.38274230667293524,0.1130999997258186,True
ERM,14,source_color_common,0.1,-0.6946771697985021,1.0077857822257286,0.7787744705201496,0.48352088489550776,-0.06946771697985044,0.10077857822257252,0.8482421875,0.38274230667293524,0.1130999997258186,True
ERM,14,source_color_contrast,0.02,5.551115123125783e-15,2.7755575615628914e-15,0.8482421874999999,0.3827423066729352,-1.1102230246251565e-16,-5.551115123125783e-17,0.8482421875,0.38274230667293524,0.1130999997258186,True
ERM,14,source_color_contrast,0.05,5.551115123125783e-15,2.7755575615628914e-15,0.8482421875,0.3827423066729352,0.0,-5.551115123125783e-17,0.8482421875,0.38274230667293524,0.1130999997258186,True
ERM,14,source_color_contrast,0.1,5.551115123125783e-15,2.7755575615628914e-15,0.8482421875,0.38274230667293535,0.0,1.1102230246251565e-16,0.8482421875,0.38274230667293524,0.1130999997258186,True
ERM,14,source_label_noise,0.02,-0.017578125000000666,0.3613480045820294,0.8478906250000001,0.3899692667645759,-0.0003515624999999023,0.007226960091640644,0.8482421875,0.38274230667293524,0.1130999997258186,True
ERM,14,source_label_noise,0.05,-0.017578125000000666,0.3613480045820294,0.84736328125,0.4008097069020368,-0.0008789062499999778,0.018067400229101582,0.8482421875,0.38274230667293524,0.1130999997258186,True
ERM,14,source_label_noise,0.1,-0.017578125000000666,0.3613480045820294,0.846484375,0.41887710713113846,-0.0017578125000000666,0.03613480045820322,0.8482421875,0.38274230667293524,0.1130999997258186,True
CORAL,14,source_color_common,0.02,-0.6974393056625061,1.0097922366989254,0.8346840263867497,0.40273094752880567,-0.013948786113250455,0.020195844733978396,0.8486328125000001,0.3825351027948273,0.1118000000715255,True
CORAL,14,source_color_common,0.05,-0.6974393056625061,1.0097922366989254,0.8137608472168744,0.43302471462977343,-0.03487196528312575,0.05048961183494616,0.8486328125000001,0.3825351027948273,0.1118000000715255,True
CORAL,14,source_color_common,0.1,-0.6974393056625061,1.0097922366989254,0.7788888819337487,0.4835143264647196,-0.06974393056625139,0.10097922366989232,0.8486328125000001,0.3825351027948273,0.1118000000715255,True
CORAL,14,source_color_contrast,0.02,0.0,0.0,0.8486328124999999,0.3825351027948273,-2.220446049250313e-16,0.0,0.8486328125000001,0.3825351027948273,0.1118000000715255,True
CORAL,14,source_color_contrast,0.05,0.0,0.0,0.8486328125,0.38253510279482733,-1.1102230246251565e-16,5.551115123125783e-17,0.8486328125000001,0.3825351027948273,0.1118000000715255,True
CORAL,14,source_color_contrast,0.1,0.0,0.0,0.8486328125,0.3825351027948273,-1.1102230246251565e-16,0.0,0.8486328125000001,0.3825351027948273,0.1118000000715255,True
CORAL,14,source_label_noise,0.02,-0.013671875000004219,0.3562985835211252,0.848359375,0.3896610744652499,-0.0002734375000000844,0.007125971670422615,0.8486328125000001,0.3825351027948273,0.1118000000715255,True
CORAL,14,source_label_noise,0.05,-0.013671875000004219,0.3562985835211252,0.8479492187500001,0.40035003197088365,-0.0006835937500000444,0.01781492917605637,0.8486328125000001,0.3825351027948273,0.1118000000715255,True
CORAL,14,source_label_noise,0.1,-0.013671875000004219,0.3562985835211252,0.8472656250000001,0.41816496114694024,-0.0013671874999999778,0.035629858352112964,0.8486328125000001,0.3825351027948273,0.1118000000715255,True
IRMv1,14,source_color_common,0.02,0.04833737762018342,0.03763098287394295,0.6113183100524034,0.636691125442431,0.0009667475524034463,0.000752619657478637,0.6103515625,0.6359385057849524,0.666700005531311,True
IRMv1,14,source_color_common,0.05,0.04833737762018342,0.03763098287394295,0.6127684313810088,0.637820054928649,0.0024168688810087824,0.001881549143696648,0.6103515625,0.6359385057849524,0.666700005531311,True
IRMv1,14,source_color_common,0.1,0.04833737762018342,0.03763098287394295,0.6151853002620175,0.639701604072346,0.004833737762017454,0.003763098287393629,0.6103515625,0.6359385057849524,0.666700005531311,True
IRMv1,14,source_color_contrast,0.02,5.551115123125783e-15,5.551115123125783e-15,0.6103515625,0.6359385057849521,0.0,-2.220446049250313e-16,0.6103515625,0.6359385057849524,0.666700005531311,True
IRMv1,14,source_color_contrast,0.05,5.551115123125783e-15,5.551115123125783e-15,0.6103515625000002,0.6359385057849523,2.220446049250313e-16,-1.1102230246251565e-16,0.6103515625,0.6359385057849524,0.666700005531311,True
IRMv1,14,source_color_contrast,0.1,5.551115123125783e-15,5.551115123125783e-15,0.6103515625000001,0.6359385057849523,1.1102230246251565e-16,-1.1102230246251565e-16,0.6103515625,0.6359385057849524,0.666700005531311,True
IRMv1,14,source_label_noise,0.02,-0.5371093750000111,0.3370809987218337,0.599609375,0.6426801257593888,-0.0107421875,0.0067416199744364524,0.6103515625,0.6359385057849524,0.666700005531311,True
IRMv1,14,source_label_noise,0.05,-0.5371093750000111,0.3370809987218337,0.58349609375,0.6527925557210437,-0.02685546875,0.016854049936091298,0.6103515625,0.6359385057849524,0.666700005531311,True
IRMv1,14,source_label_noise,0.1,-0.5371093750000111,0.3370809987218337,0.5566406250000001,0.6696466056571353,-0.05371093749999989,0.03370809987218293,0.6103515625,0.6359385057849524,0.666700005531311,True
VREX,14,source_color_common,0.02,-0.09667475524035019,0.010879476056374626,0.6386915048951929,0.6816375498468565,-0.0019334951048071147,0.00021758952112715946,0.640625,0.6814199603257294,0.5702999830245972,True
VREX,14,source_color_common,0.05,-0.09667475524035019,0.010879476056374626,0.6357912622379825,0.6819639341285476,-0.004833737762017454,0.0005439738028182317,0.640625,0.6814199603257294,0.5702999830245972,True
VREX,14,source_color_common,0.1,-0.09667475524035019,0.010879476056374626,0.6309575244759652,0.6825079079313658,-0.009667475524034796,0.0010879476056364634,0.640625,0.6814199603257294,0.5702999830245972,True
VREX,14,source_color_contrast,0.02,0.0,0.0,0.6406249999999999,0.6814199603257293,-1.1102230246251565e-16,-1.1102230246251565e-16,0.640625,0.6814199603257294,0.5702999830245972,True
VREX,14,source_color_contrast,0.05,0.0,0.0,0.640625,0.6814199603257293,0.0,-1.1102230246251565e-16,0.640625,0.6814199603257294,0.5702999830245972,True
VREX,14,source_color_contrast,0.1,0.0,0.0,0.640625,0.6814199603257294,0.0,0.0,0.640625,0.6814199603257294,0.5702999830245972,True
VREX,14,source_label_noise,0.02,-0.37109374999999556,0.02720296161896063,0.633203125,0.6819640195581087,-0.007421875000000022,0.0005440592323793236,0.640625,0.6814199603257294,0.5702999830245972,True
VREX,14,source_label_noise,0.05,-0.37109374999999556,0.02720296161896063,0.6220703125,0.6827801084066778,-0.0185546875,0.00136014808094842,0.640625,0.6814199603257294,0.5702999830245972,True
VREX,14,source_label_noise,0.1,-0.37109374999999556,0.02720296161896063,0.603515625,0.6841402564876261,-0.037109375,0.002720296161896729,0.640625,0.6814199603257294,0.5702999830245972,True
FISHR,14,source_color_common,0.02,-0.09253155144433034,0.012857695064483199,0.6547899939711133,0.6785637735396979,-0.0018506310288868288,0.0002571539012893309,0.6566406250000001,0.6783066196384085,0.5759000182151794,True
FISHR,14,source_color_common,0.05,-0.09253155144433034,0.012857695064483199,0.6520140474277835,0.6789495043916323,-0.004626577572216628,0.0006428847532237159,0.6566406250000001,0.6783066196384085,0.5759000182151794,True
FISHR,14,source_color_common,0.1,-0.09253155144433034,0.012857695064483199,0.6473874698555668,0.6795923891448561,-0.009253155144433256,0.0012857695064475427,0.6566406250000001,0.6783066196384085,0.5759000182151794,True
FISHR,14,source_color_contrast,0.02,-5.551115123125783e-15,-1.1102230246251565e-14,0.6566406250000002,0.6783066196384083,1.1102230246251565e-16,-2.220446049250313e-16,0.6566406250000001,0.6783066196384085,0.5759000182151794,True
FISHR,14,source_color_contrast,0.05,-5.551115123125783e-15,-1.1102230246251565e-14,0.6566406250000002,0.6783066196384083,1.1102230246251565e-16,-2.220446049250313e-16,0.6566406250000001,0.6783066196384085,0.5759000182151794,True
FISHR,14,source_color_contrast,0.1,-5.551115123125783e-15,-1.1102230246251565e-14,0.656640625,0.6783066196384084,-1.1102230246251565e-16,-1.1102230246251565e-16,0.6566406250000001,0.6783066196384085,0.5759000182151794,True
FISHR,14,source_label_noise,0.02,-0.44335937500000755,0.03611810590105069,0.6477734375,0.6790289817564295,-0.00886718750000004,0.0007223621180209028,0.6566406250000001,0.6783066196384085,0.5759000182151794,True
FISHR,14,source_label_noise,0.05,-0.44335937500000755,0.03611810590105069,0.6344726562499999,0.680112524933461,-0.022167968750000155,0.0018059052950524235,0.6566406250000001,0.6783066196384085,0.5759000182151794,True
FISHR,14,source_label_noise,0.1,-0.44335937500000755,0.03611810590105069,0.6123046875,0.6819184302285134,-0.04433593750000009,0.003611810590104847,0.6566406250000001,0.6783066196384085,0.5759000182151794,True
Full-BIRM (Official),14,source_color_common,0.02,-0.04419417382414692,0.021849513729627068,0.6694286165235168,0.6287235551968837,-0.0008838834764832715,0.0004369902745923193,0.6703125000000001,0.6282865649222914,,True
Full-BIRM (Official),14,source_color_common,0.05,-0.04419417382414692,0.021849513729627068,0.668102791308792,0.6293790406087725,-0.0022097086912080677,0.0010924756864810758,0.6703125000000001,0.6282865649222914,,True
Full-BIRM (Official),14,source_color_common,0.1,-0.04419417382414692,0.021849513729627068,0.6658930826175842,0.6304715162952533,-0.004419417382415913,0.0021849513729619296,0.6703125000000001,0.6282865649222914,,True
Full-BIRM (Official),14,source_color_contrast,0.02,-5.551115123125783e-15,0.0,0.6703125000000001,0.6282865649222913,0.0,-1.1102230246251565e-16,0.6703125000000001,0.6282865649222914,,True
Full-BIRM (Official),14,source_color_contrast,0.05,-5.551115123125783e-15,0.0,0.6703124999999999,0.6282865649222913,-2.220446049250313e-16,-1.1102230246251565e-16,0.6703125000000001,0.6282865649222914,,True
Full-BIRM (Official),14,source_color_contrast,0.1,-5.551115123125783e-15,0.0,0.6703125000000001,0.6282865649222913,0.0,-1.1102230246251565e-16,0.6703125000000001,0.6282865649222914,,True
Full-BIRM (Official),14,source_label_noise,0.02,-0.5937499999999984,0.4551189878391704,0.6584374999999999,0.6373889446790745,-0.011875000000000191,0.009102379756783074,0.6703125000000001,0.6282865649222914,,True
Full-BIRM (Official),14,source_label_noise,0.05,-0.5937499999999984,0.4551189878391704,0.640625,0.6510425143142492,-0.02968750000000009,0.022755949391957797,0.6703125000000001,0.6282865649222914,,True
Full-BIRM (Official),14,source_label_noise,0.1,-0.5937499999999984,0.4551189878391704,0.6109375,0.6737984637062073,-0.05937500000000007,0.04551189878391593,0.6703125000000001,0.6282865649222914,,True
LoRA-BIRM (Official),14,source_color_common,0.02,0.011048543456032567,0.12144173450774343,0.6500256583691207,0.5934124117013843,0.00022097086912076236,0.0024288346901547575,0.6498046875,0.5909835770112295,,True
LoRA-BIRM (Official),14,source_color_common,0.05,0.011048543456032567,0.12144173450774343,0.650357114672802,0.5970556637366166,0.0005524271728020169,0.00607208672538706,0.6498046875,0.5909835770112295,,True
LoRA-BIRM (Official),14,source_color_common,0.1,0.011048543456032567,0.12144173450774343,0.6509095418456039,0.6031277504620036,0.0011048543456039228,0.01214417345077412,0.6498046875,0.5909835770112295,,True
LoRA-BIRM (Official),14,source_color_contrast,0.02,5.551115123125783e-15,0.0,0.6498046875,0.5909835770112295,0.0,0.0,0.6498046875,0.5909835770112295,,True
LoRA-BIRM (Official),14,source_color_contrast,0.05,5.551115123125783e-15,0.0,0.6498046875,0.5909835770112296,0.0,1.1102230246251565e-16,0.6498046875,0.5909835770112295,,True
LoRA-BIRM (Official),14,source_color_contrast,0.1,5.551115123125783e-15,0.0,0.6498046875,0.5909835770112294,0.0,-1.1102230246251565e-16,0.6498046875,0.5909835770112295,,True
LoRA-BIRM (Official),14,source_label_noise,0.02,-0.6210937500000013,0.5001228885044784,0.6373828125000001,0.6009860347813193,-0.012421874999999916,0.01000245777008979,0.6498046875,0.5909835770112295,,True
LoRA-BIRM (Official),14,source_label_noise,0.05,-0.6210937500000013,0.5001228885044784,0.6187499999999999,0.6159897214364536,-0.031054687500000067,0.025006144425224086,0.6498046875,0.5909835770112295,,True
LoRA-BIRM (Official),14,source_label_noise,0.1,-0.6210937500000013,0.5001228885044784,0.5876953125,0.6409958658616779,-0.06210937500000002,0.050012288850448394,0.6498046875,0.5909835770112295,,True
