E_operator_norm,PiO_operator_norm,R_operator_norm,adaptive_regret,coordinate_audit_passes,decomposition_residual,dim_world,full_minimax_condition,full_observation_recoverable_residual,information_floor,kernel_dimension,kind,lambda,method,seed,setting,slack_ratio,snapshot_passes,spectral_gap_min,static_tax_holds,static_tax_lower_bound,support_compatible,total_excess,total_regret,z0_norm,zero_observation_E_norm
3.374201980491418,0.9641780179344105,0.0,5.692619502576102,True,0.0,2,False,0.0,0.0,0,cmnist_irmv1,0.0,L2,0,cleanroom_cpu_source_target_coupled,inf,True,-11.385239005152197,True,0.0,False,5.692619502576102,5.692619502576102,0.0,0.0
3.343112271996339,0.8784340439276691,0.0,5.58819983158626,True,0.0,2,False,0.0,0.0,0,cmnist_irmv1,0.1,L2,0,cleanroom_cpu_source_target_coupled,inf,True,-11.176399663172528,True,0.001538159558317937,False,5.67434821428708,5.67434821428708,0.05546457533088912,0.0
3.373553464914841,0.9630650652665405,0.0,5.690431490319462,True,0.0,2,False,0.0,0.0,0,cmnist_irmv1,0.1,IRMV1,0,cleanroom_cpu_source_target_coupled,inf,True,-11.380862980638927,True,7.712643369976532e-08,False,5.691319864623083,5.691319864623083,0.00039275038815961803,0.0
3.3734344618628023,0.9631205245431713,0.0,5.690030034241787,True,0.0,2,False,0.0,0.0,0,cmnist_irmv1,0.1,VREX,0,cleanroom_cpu_source_target_coupled,inf,True,-11.380060068483568,True,7.870792236453154e-08,False,5.691145106805135,5.691145106805135,0.00039675665681758015,0.0
3.3809684056704863,0.9393110794656216,0.0,5.7154736800710175,True,0.0,2,False,0.0,0.0,0,cmnist_irmv1,0.0,L2,1,cleanroom_cpu_source_target_coupled,inf,True,-11.43094736014204,True,0.0,False,5.7154736800710175,5.7154736800710175,0.0,0.0
3.3451974427956386,0.8693043624077731,0.0,5.595172965643238,True,0.0,2,False,0.0,0.0,0,cmnist_irmv1,0.1,L2,1,cleanroom_cpu_source_target_coupled,inf,True,-11.190345931286474,True,0.0015994647804299386,False,5.710174743391815,5.710174743391815,0.05655908026886467,0.0
3.3804029792303565,0.9382979907015238,0.0,5.713562150994736,True,0.0,2,False,0.0,0.0,0,cmnist_irmv1,0.1,IRMV1,1,cleanroom_cpu_source_target_coupled,inf,True,-11.427124301989467,True,6.615723040491935e-08,False,5.7143278679948075,5.7143278679948075,0.00036375054750452087,0.0
3.3802775525351176,0.9383525244928564,0.0,5.713138166086402,True,0.0,2,False,0.0,0.0,0,cmnist_irmv1,0.1,VREX,1,cleanroom_cpu_source_target_coupled,inf,True,-11.42627633217281,True,6.966263178056466e-08,False,5.714175370551413,5.714175370551413,0.00037326299516711984,0.0
3.3514276749761214,0.9657971323309145,0.0,5.616033730297924,True,0.0,2,False,0.0,0.0,0,cmnist_irmv1,0.0,L2,2,cleanroom_cpu_source_target_coupled,inf,True,-11.232067460595843,True,0.0,False,5.616033730297924,5.616033730297924,0.0,0.0
3.3381149741994376,0.9075635799772114,0.0,5.571505790487256,True,0.0,2,False,0.0,0.0,0,cmnist_irmv1,0.1,L2,2,cleanroom_cpu_source_target_coupled,inf,True,-11.143011580974514,True,0.0011857394786973163,False,5.64636496601185,5.64636496601185,0.048697833189933946,0.0
3.35076245455303,0.9646215142568138,0.0,5.6138045134211225,True,0.0,2,False,0.0,0.0,0,cmnist_irmv1,0.1,IRMV1,2,cleanroom_cpu_source_target_coupled,inf,True,-11.227609026842243,True,7.607299314415595e-08,False,5.614622796874057,5.614622796874057,0.0003900589523242761,0.0
3.3506565031167854,0.9647285832184042,0.0,5.613449500939402,True,0.0,2,False,0.0,0.0,0,cmnist_irmv1,0.1,VREX,2,cleanroom_cpu_source_target_coupled,inf,True,-11.2268990018788,True,7.650142435017011e-08,False,5.614528474921371,5.614528474921371,0.0003911557857175837,0.0
3.373572908195296,0.9574396918050818,0.0,5.690497083454636,True,0.0,2,False,0.0,0.0,0,cmnist_irmv1,0.0,L2,3,cleanroom_cpu_source_target_coupled,inf,True,-11.38099416690927,True,0.0,False,5.690497083454636,5.690497083454636,0.0,0.0
3.3233118568865216,0.8684257066811129,0.0,5.522200849061272,True,0.0,2,False,0.0,0.0,0,cmnist_irmv1,0.1,L2,3,cleanroom_cpu_source_target_coupled,inf,True,-11.044401698122542,True,0.0019504903802794252,False,5.6342076171520254,5.6342076171520254,0.06245783185925405,0.0
3.3729022488162577,0.9562624688124328,0.0,5.688234790034884,True,0.0,2,False,0.0,0.0,0,cmnist_irmv1,0.1,IRMV1,3,cleanroom_cpu_source_target_coupled,inf,True,-11.376469580069774,True,8.281743839623093e-08,False,5.689108841711942,5.689108841711942,0.0004069826492523506,0.0
3.3728293456078484,0.9564079197687926,0.0,5.687988897296734,True,0.0,2,False,0.0,0.0,0,cmnist_irmv1,0.1,VREX,3,cleanroom_cpu_source_target_coupled,inf,True,-11.37597779459347,True,7.470654389221168e-08,False,5.689062301061669,5.689062301061669,0.0003865398915822575,0.0
3.264618735796159,0.9479243369579079,0.0,5.328867745055654,True,0.0,2,False,0.0,0.0,0,cmnist_irmv1,0.0,L2,4,cleanroom_cpu_source_target_coupled,inf,True,-10.657735490111316,True,0.0,False,5.328867745055654,5.328867745055654,0.0,0.0
3.2491378154326345,0.8903616866530282,0.0,5.278448271837173,True,0.0,2,False,0.0,0.0,0,cmnist_irmv1,0.1,L2,4,cleanroom_cpu_source_target_coupled,inf,True,-10.55689654367435,True,0.0010665382734346529,False,5.350162091331389,5.350162091331389,0.04618524165650003,0.0
3.263982032758942,0.9468860858405823,0.0,5.3267893550865955,True,0.0,2,False,0.0,0.0,0,cmnist_irmv1,0.1,IRMV1,4,cleanroom_cpu_source_target_coupled,inf,True,-10.653578710173196,True,6.99248803592716e-08,False,5.327627257402626,5.327627257402626,0.00037396491910143554,0.0
3.2638820166974427,0.946947428754407,0.0,5.326462909460484,True,0.0,2,False,0.0,0.0,0,cmnist_irmv1,0.1,VREX,4,cleanroom_cpu_source_target_coupled,inf,True,-10.652925818920966,True,7.239089665314697e-08,False,5.3275121601013335,5.3275121601013335,0.0003805020279923537,0.0
3.4410497345194364,0.959854412704589,0.0,5.920411637718144,True,0.0,2,False,0.0,0.0,0,cmnist_irmv1,0.0,L2,5,cleanroom_cpu_source_target_coupled,inf,True,-11.840823275436291,True,0.0,False,5.920411637718144,5.920411637718144,0.0,0.0
3.4248580216006426,0.9066869792267439,0.0,5.86482623406113,True,0.0,2,False,0.0,0.0,0,cmnist_irmv1,0.1,L2,5,cleanroom_cpu_source_target_coupled,inf,True,-11.729652468122266,True,0.0021764675768079353,False,5.98281734109227,5.98281734109227,0.06597677738125643,0.0
3.4404176645197633,0.9587007648026907,0.0,5.918236853169808,True,0.0,2,False,0.0,0.0,0,cmnist_irmv1,0.1,IRMV1,5,cleanroom_cpu_source_target_coupled,inf,True,-11.836473706339621,True,7.3034698334671e-08,False,5.919089505568477,5.919089505568477,0.00038219026239471617,0.0
3.4403065721091037,0.958778796927611,0.0,5.917854655048546,True,0.0,2,False,0.0,0.0,0,cmnist_irmv1,0.1,VREX,5,cleanroom_cpu_source_target_coupled,inf,True,-11.835709310097089,True,7.50188406522324e-08,False,5.918935919780926,5.918935919780926,0.0003873469779209137,0.0
3.4087903148534786,0.9684005439016944,0.0,5.809925705319439,True,0.0,2,False,0.0,0.0,0,cmnist_irmv1,0.0,L2,6,cleanroom_cpu_source_target_coupled,inf,True,-11.619851410638873,True,0.0,False,5.809925705319439,5.809925705319439,0.0,0.0
3.3825029083238998,0.8934525264507014,0.0,5.7206629624098175,True,0.0,2,False,0.0,0.0,0,cmnist_irmv1,0.1,L2,6,cleanroom_cpu_source_target_coupled,inf,True,-11.441325924819632,True,0.0015898418643995743,False,5.825752674575759,5.825752674575759,0.056388684403869085,0.0
3.4081662476674466,0.9672859536219118,0.0,5.807798585869803,True,0.0,2,False,0.0,0.0,0,cmnist_irmv1,0.1,IRMV1,6,cleanroom_cpu_source_target_coupled,inf,True,-11.615597171739608,True,7.4695652233417e-08,False,5.808605599383378,5.808605599383378,0.0003865117132336794,0.0
3.408023849689376,0.9673370493322953,0.0,5.807313280025796,True,0.0,2,False,0.0,0.0,0,cmnist_irmv1,0.1,VREX,6,cleanroom_cpu_source_target_coupled,inf,True,-11.614626560051601,True,7.894122200358749e-08,False,5.808419959450674,5.808419959450674,0.00039734423867369083,0.0
3.338665314420383,0.9572843091925095,0.0,5.5733430408568765,True,0.0,2,False,0.0,0.0,0,cmnist_irmv1,0.0,L2,7,cleanroom_cpu_source_target_coupled,inf,True,-11.146686081713758,True,0.0,False,5.5733430408568765,5.5733430408568765,0.0,0.0
3.2933446525144134,0.8496205780258638,0.0,5.423059500122639,True,0.0,2,False,0.0,0.0,0,cmnist_irmv1,0.1,L2,7,cleanroom_cpu_source_target_coupled,inf,True,-10.84611900024528,True,0.0016950156287442685,False,5.540137430253691,5.540137430253691,0.05822397493720724,0.0
3.3380282975297133,0.9562090987676162,0.0,5.571216457554559,True,0.0,2,False,0.0,0.0,0,cmnist_irmv1,0.1,IRMV1,7,cleanroom_cpu_source_target_coupled,inf,True,-11.142432915109113,True,7.543924117456589e-08,False,5.572080335414298,5.572080335414298,0.0003884307948002215,0.0
3.337914749960865,0.9562703420960156,0.0,5.57083743900315,True,0.0,2,False,0.0,0.0,0,cmnist_irmv1,0.1,VREX,7,cleanroom_cpu_source_target_coupled,inf,True,-11.141674878006304,True,7.705790661056942e-08,False,5.57193432950824,5.57193432950824,0.00039257586938213463,0.0
3.3679047653689858,0.9554356885613597,0.0,5.671391254297559,True,0.0,2,False,0.0,0.0,0,cmnist_irmv1,0.0,L2,8,cleanroom_cpu_source_target_coupled,inf,True,-11.342782508595121,True,0.0,False,5.671391254297559,5.671391254297559,0.0,0.0
3.3207461722363787,0.8695036080110005,0.0,5.513677570211279,True,0.0,2,False,0.0,0.0,0,cmnist_irmv1,0.1,L2,8,cleanroom_cpu_source_target_coupled,inf,True,-11.027355140422552,True,0.0017347796337306822,False,5.639793954204332,5.639793954204332,0.0589029648444063,0.0
3.367290792638577,0.9543883587733705,0.0,5.669323641094269,True,0.0,2,False,0.0,0.0,0,cmnist_irmv1,0.1,IRMV1,8,cleanroom_cpu_source_target_coupled,inf,True,-11.338647282188537,True,7.286318704790563e-08,False,5.6701753162039665,5.6701753162039665,0.0003817412397106334,0.0
3.3671645295946853,0.9544305187981441,0.0,5.668898484680297,True,0.0,2,False,0.0,0.0,0,cmnist_irmv1,0.1,VREX,8,cleanroom_cpu_source_target_coupled,inf,True,-11.337796969360593,True,7.673397668633672e-08,False,5.669998682792634,5.669998682792634,0.000391749860718129,0.0
3.364394548973256,0.9635338338957216,0.0,5.65957534058048,True,0.0,2,False,0.0,0.0,0,cmnist_irmv1,0.0,L2,9,cleanroom_cpu_source_target_coupled,inf,True,-11.319150681160952,True,0.0,False,5.65957534058048,5.65957534058048,0.0,0.0
3.340810732594713,0.9024210578585283,0.0,5.580508175510011,True,0.0,2,False,0.0,0.0,0,cmnist_irmv1,0.1,L2,9,cleanroom_cpu_source_target_coupled,inf,True,-11.161016351020022,True,0.001309702481069876,False,5.67461884939747,5.67461884939747,0.05118012272493836,0.0
3.363735573020933,0.9623996422395587,0.0,5.657358502603234,True,0.0,2,False,0.0,0.0,0,cmnist_irmv1,0.1,IRMV1,9,cleanroom_cpu_source_target_coupled,inf,True,-11.31471700520647,True,7.82926812916133e-08,False,5.6582103342371015,5.6582103342371015,0.0003957086839876358,0.0
3.3636344558031266,0.9624968578030993,0.0,5.6570183761329975,True,0.0,2,False,0.0,0.0,0,cmnist_irmv1,0.1,VREX,9,cleanroom_cpu_source_target_coupled,inf,True,-11.314036752266006,True,7.76378324890487e-08,False,5.658111962481733,5.658111962481733,0.000394050333051626,0.0
