seed,case,left,right
0,random_metric_matches_or_beats_real,RANDOM_METRIC,LOCAL_RESPONSE
1,random_metric_matches_or_beats_real,RANDOM_METRIC,LOCAL_RESPONSE
2,random_metric_matches_or_beats_real,RANDOM_METRIC,LOCAL_RESPONSE
3,random_metric_matches_or_beats_real,RANDOM_METRIC,LOCAL_RESPONSE
4,random_metric_matches_or_beats_real,RANDOM_METRIC,LOCAL_RESPONSE
5,better_ood_without_lower_local_response,LOCAL_RESPONSE,ERM
6,random_metric_matches_or_beats_real,RANDOM_METRIC,LOCAL_RESPONSE
7,random_metric_matches_or_beats_real,RANDOM_METRIC,LOCAL_RESPONSE
8,random_metric_matches_or_beats_real,RANDOM_METRIC,LOCAL_RESPONSE
