experiment_id,profile,seed,method,selected_beta,selected_checkpoint,source_env1_accuracy,source_env2_accuracy,mean_source_accuracy,worst_source_accuracy,target_accuracy,target_loss,counterfactual_color_response,prediction_color_response,counterfactual_prediction_consistency,target_used_for_selection,beta,checkpoint_step,checkpoint_fraction,source_loss,regularizer_magnitude,erm_gradient_norm,penalty_gradient_norm,total_update_norm,raw_gradient_disagreement,local_response_disagreement,response_vector_norm,hessian_min_eigenvalue,hessian_max_eigenvalue,damped_condition_number,damping,curvature_object,random_trace_relative_error,random_fro_relative_error,train_penalty_raw_gradient_disagreement,train_penalty_local_response_disagreement,train_penalty_response_vector_norm,train_penalty_hessian_min_eigenvalue,train_penalty_hessian_max_eigenvalue,train_penalty_damped_condition_number,train_penalty_damping,train_penalty_curvature_object,train_penalty_random_trace_relative_error,train_penalty_random_fro_relative_error
TASK3-CMNIST-LOCAL-RESPONSE,main,0,ERM,0.0,4,0.8974999785423279,0.8199999928474426,0.8587499856948853,0.8199999928474426,0.18714286386966705,0.7273389101028442,0.004473994951695204,0.03596371412277222,0.07666666805744171,False,0.0,4,0.25,0.6571381688117981,0.0,0.24422965943813324,0.0,0.24422965943813324,0.0002682802441995591,0.03160172328352928,14.359735488891602,8.845784946942375e-05,0.5671408642599753,6411.424962982089,8.84635887500322e-05,linear-head cross-entropy Gauss-Newton/Hessian + trace damping,1.8826967236798125e-16,1.9568377028080871e-16,,,,,,,,,,
TASK3-CMNIST-LOCAL-RESPONSE,main,0,IRMv1,0.001,4,0.8974999785423279,0.8199999928474426,0.8587499856948853,0.8199999928474426,0.18714286386966705,0.7273387908935547,0.004473984241485596,0.03596363216638565,0.07666666805744171,False,0.001,4,0.25,0.6571381092071533,0.0011815403122454882,0.24423359334468842,0.014827944338321686,0.24421891570091248,0.0002683096972759813,0.031620245426893234,14.362746238708496,8.846825575882554e-05,0.5671889093790065,6411.21388134098,8.847107727144083e-05,linear-head cross-entropy Gauss-Newton/Hessian + trace damping,9.412686826093823e-16,3.9133438923938385e-16,,,,,,,,,,
TASK3-CMNIST-LOCAL-RESPONSE,main,0,V-REx,0.001,4,0.8974999785423279,0.8199999928474426,0.8587499856948853,0.8199999928474426,0.18714286386966705,0.727338969707489,0.004473991226404905,0.035963669419288635,0.07666666805744171,False,0.001,4,0.25,0.6571384072303772,8.73249246069463e-06,0.24423082172870636,0.0002553357626311481,0.24423062801361084,0.00026827986584976315,0.031602729111909866,14.36003303527832,8.843963209551926e-05,0.5671424553504615,6412.763620928669,8.84638181940483e-05,linear-head cross-entropy Gauss-Newton/Hessian + trace damping,5.648075521880959e-16,5.870496664457618e-16,,,,,,,,,,
TASK3-CMNIST-LOCAL-RESPONSE,main,0,UNPRECONDITIONED_GRAD_ALIGN,0.001,4,0.8974999785423279,0.8199999928474426,0.8587499856948853,0.8199999928474426,0.18714286386966705,0.7273378372192383,0.004473830573260784,0.03596244007349014,0.07666666805744171,False,0.001,4,0.25,0.6571381092071533,0.0002682581834960729,0.24421997368335724,0.0010901778005063534,0.24421954154968262,0.0002682581834960729,0.0316174253821373,14.362255096435547,8.845713348395257e-05,0.5671368184814596,6411.431120864284,8.846220812605074e-05,linear-head cross-entropy Gauss-Newton/Hessian + trace damping,0.0,0.0,0.0002682581834960729,0.0316174253821373,0.01637858897447586,8.845713348395257e-05,0.5671368184814596,6411.431120864284,8.846220812605074e-05,linear-head cross-entropy Gauss-Newton/Hessian + trace damping,0.0,0.0
TASK3-CMNIST-LOCAL-RESPONSE,main,0,LOCAL_RESPONSE,0.001,4,0.8974999785423279,0.8199999928474426,0.8587499856948853,0.8199999928474426,0.19142857193946838,0.7267749309539795,0.004345350433140993,0.034925252199172974,0.07999999821186066,False,0.001,4,0.25,0.6576073169708252,0.02868695743381977,0.24403339624404907,1.6300150156021118,0.24425944685935974,0.00026931657339446247,0.02868695743381977,13.473764419555664,8.824122153531633e-05,0.5668363360099234,6423.713613065312,8.824422507490399e-05,linear-head cross-entropy Gauss-Newton/Hessian + trace damping,7.549507452222371e-16,1.1747912139606019e-15,0.00026931657339446247,0.02868695743381977,13.473764419555664,8.824122153531633e-05,0.5668363360099234,6423.713613065312,8.824422507490399e-05,linear-head cross-entropy Gauss-Newton/Hessian + trace damping,0.0,0.0
TASK3-CMNIST-LOCAL-RESPONSE,main,0,RANDOM_METRIC,0.01,16,0.9049999713897705,0.8125,0.8587499856948853,0.8125,0.20999999344348907,0.7281621694564819,0.004526813514530659,0.03637503832578659,0.14000000059604645,False,0.01,16,1.0,0.6577242612838745,3.008516311645508,0.24857889115810394,12.918436050415039,0.2010543942451477,0.0002592450473457575,0.00938401184976101,4.424584865570068,8.384402970016411e-05,0.533456815819539,6362.490182392734,8.38460134621004e-05,linear-head cross-entropy Gauss-Newton/Hessian + trace damping,3.9727615381481914e-16,4.159653649217781e-16,0.0002592450473457575,0.00938401184976101,188.79745483398438,8.384402970016411e-05,0.533456815819539,6362.490182392734,8.38460134621004e-05,linear-head cross-entropy Gauss-Newton/Hessian + trace damping,3.9727615381481914e-16,4.159653649217781e-16
TASK3-CMNIST-LOCAL-RESPONSE,main,0,SHUFFLED_LOCAL_RESPONSE,0.001,4,0.8974999785423279,0.8174999952316284,0.8574999868869781,0.8174999952316284,0.19428572058677673,0.7268421053886414,0.004375348798930645,0.035176780074834824,0.10000000149011612,False,0.001,4,0.25,0.6573823094367981,0.052528493106365204,0.24334058165550232,6.233418941497803,0.24344423413276672,0.00026457110652700067,0.028026441112160683,13.245152473449707,8.705082924430684e-05,0.5591215238790587,6422.93162205144,8.70539710564172e-05,linear-head cross-entropy Gauss-Newton/Hessian + trace damping,5.739546628954154e-16,0.0,0.005434652790427208,0.052528493106365204,15.972110748291016,8.704772784340497e-05,0.5591215269437003,6423.160498221566,8.705397011274753e-05,linear-head cross-entropy Gauss-Newton/Hessian + trace damping,0.0,0.0
TASK3-CMNIST-LOCAL-RESPONSE,main,1,ERM,0.0,16,0.9150000214576721,0.8025000095367432,0.8587500154972076,0.8025000095367432,0.10571428388357162,1.817095398902893,1.0473018884658813,14.634650230407715,0.0,False,0.0,16,1.0,0.3860166668891907,0.0,0.4684295356273651,0.0,0.4684295356273651,0.07335509359836578,0.07640012353658676,6.183679580688477,0.0006680696741797111,2.6591940920729327,3980.414311333653,0.0006681149201749852,linear-head cross-entropy Gauss-Newton/Hessian + trace damping,9.971344969277032e-16,1.815938367060647e-15,,,,,,,,,,
TASK3-CMNIST-LOCAL-RESPONSE,main,1,IRMv1,0.001,16,0.9150000214576721,0.8025000095367432,0.8587500154972076,0.8025000095367432,0.10571428388357162,1.8170894384384155,1.0472956895828247,14.634537696838379,0.0,False,0.001,16,1.0,0.3860136866569519,0.013548798859119415,0.4683453440666199,0.08433421701192856,0.4683402478694916,0.07335527241230011,0.07639272511005402,6.1832661628723145,0.0006680846025948515,2.6592656025758243,3980.4324066850118,0.0006681264380952625,linear-head cross-entropy Gauss-Newton/Hessian + trace damping,0.0,8.381089707865656e-16,,,,,,,,,,
TASK3-CMNIST-LOCAL-RESPONSE,main,1,V-REx,0.001,16,0.9150000214576721,0.8025000095367432,0.8587500154972076,0.8025000095367432,0.10571428388357162,1.8170602321624756,1.0472739934921265,14.633966445922852,0.0,False,0.001,16,1.0,0.38601458072662354,0.013177916407585144,0.4683801829814911,0.10875146836042404,0.4684385061264038,0.07335299253463745,0.07639732211828232,6.183598518371582,0.0006680767884929918,2.6592170143185068,3980.406234913522,0.0006681168141464392,linear-head cross-entropy Gauss-Newton/Hessian + trace damping,3.9885266810396825e-16,1.81593086900638e-15,,,,,,,,,,
TASK3-CMNIST-LOCAL-RESPONSE,main,1,UNPRECONDITIONED_GRAD_ALIGN,0.001,16,0.9150000214576721,0.8025000095367432,0.8587500154972076,0.8025000095367432,0.10571428388357162,1.8168765306472778,1.0471314191818237,14.630234718322754,0.0,False,0.001,16,1.0,0.38600724935531616,0.07331822067499161,0.46818026900291443,0.34739458560943604,0.46810775995254517,0.07331822067499161,0.07637719810009003,6.182744026184082,0.0006680818961028812,2.6597691175329805,3981.202204472533,0.000668122275930011,linear-head cross-entropy Gauss-Newton/Hessian + trace damping,7.976988151053523e-16,6.98395878326527e-16,0.07331822067499161,0.07637719810009003,0.27077338099479675,0.0006680818961028812,2.6597691175329805,3981.202204472533,0.000668122275930011,linear-head cross-entropy Gauss-Newton/Hessian + trace damping,0.0,0.0
TASK3-CMNIST-LOCAL-RESPONSE,main,1,LOCAL_RESPONSE,0.001,16,0.9150000214576721,0.8025000095367432,0.8587500154972076,0.8025000095367432,0.10571428388357162,1.8020612001419067,1.0343915224075317,14.31525707244873,0.0,False,0.001,16,1.0,0.38595521450042725,0.07384400814771652,0.4532129466533661,3.473947525024414,0.45320913195610046,0.0718984305858612,0.07384400814771652,6.072412490844727,0.0006592718626878874,2.6142692470475346,3965.388779659147,0.0006593209093041493,linear-head cross-entropy Gauss-Newton/Hessian + trace damping,1.0104342595803413e-15,2.1250384974596823e-15,0.0718984305858612,0.07384400814771652,6.072412490844727,0.0006592718626878874,2.6142692470475346,3965.388779659147,0.0006593209093041493,linear-head cross-entropy Gauss-Newton/Hessian + trace damping,0.0,0.0
TASK3-CMNIST-LOCAL-RESPONSE,main,1,RANDOM_METRIC,0.001,16,0.9150000214576721,0.8025000095367432,0.8587500154972076,0.8025000095367432,0.10571428388357162,1.3621734380722046,0.6103525757789612,6.491422653198242,0.0,False,0.001,16,1.0,0.40957871079444885,55.63349533081055,0.5510815978050232,255.07469177246094,0.5114597082138062,0.025438720360398293,0.06770720332860947,7.65928316116333,0.00037843722500148605,1.6129179191731033,4262.048795983983,0.0003784557170883724,linear-head cross-entropy Gauss-Newton/Hessian + trace damping,5.280938334957269e-16,1.210301040855714e-15,0.025438720360398293,0.06770720332860947,371.3812561035156,0.00037843722500148605,1.6129179191731033,4262.048795983983,0.0003784557170883724,linear-head cross-entropy Gauss-Newton/Hessian + trace damping,5.280938334957269e-16,1.210301040855714e-15
TASK3-CMNIST-LOCAL-RESPONSE,main,1,SHUFFLED_LOCAL_RESPONSE,0.001,16,0.9150000214576721,0.8025000095367432,0.8587500154972076,0.8025000095367432,0.10571428388357162,1.8091886043548584,1.0402371883392334,14.463561058044434,0.0,False,0.001,16,1.0,0.3861469626426697,0.04944514483213425,0.4549993872642517,2.057730197906494,0.4551736116409302,0.07302272319793701,0.07306645065546036,5.93052864074707,0.0006663089967036327,2.643603044803374,3967.53316836756,0.0006663472961747286,linear-head cross-entropy Gauss-Newton/Hessian + trace damping,3.9991184095321104e-16,2.102259610788417e-15,0.012612993828952312,0.04944514483213425,6.45707368850708,0.0006663179431609434,2.6436030367230656,3967.479885326345,0.0006663473035124215,linear-head cross-entropy Gauss-Newton/Hessian + trace damping,0.0,0.0
TASK3-CMNIST-LOCAL-RESPONSE,main,2,ERM,0.0,16,0.9200000166893005,0.8025000095367432,0.8612500131130219,0.8025000095367432,0.1071428582072258,1.2049551010131836,0.3847184181213379,4.011951923370361,0.0,False,0.0,16,1.0,0.44459450244903564,0.0,0.6852673292160034,0.0,0.6852673292160034,0.008485086262226105,0.04117870330810547,7.972198009490967,0.00031576353929966986,1.3372639624955178,4235.017017675404,0.0003157813790621179,linear-head cross-entropy Gauss-Newton/Hessian + trace damping,2.1096887878481454e-16,2.178872435610655e-15,,,,,,,,,,
TASK3-CMNIST-LOCAL-RESPONSE,main,2,IRMv1,0.001,16,0.9200000166893005,0.8025000095367432,0.8612500131130219,0.8025000095367432,0.1071428582072258,1.2049874067306519,0.3847348988056183,4.012275218963623,0.0,False,0.001,16,1.0,0.44459643959999084,0.018522392958402634,0.6854182481765747,0.24992501735687256,0.6852899193763733,0.00848604179918766,0.0411880761384964,7.974070072174072,0.0003157498422747659,1.3371937137693737,4234.978247766617,0.00031577051215043127,linear-head cross-entropy Gauss-Newton/Hessian + trace damping,2.1097613905797577e-16,1.4526406271407525e-15,,,,,,,,,,
TASK3-CMNIST-LOCAL-RESPONSE,main,2,V-REx,0.001,16,0.9200000166893005,0.8025000095367432,0.8612500131130219,0.8025000095367432,0.1071428582072258,1.2049554586410522,0.38471704721450806,4.011951446533203,0.0,False,0.001,16,1.0,0.4445953369140625,0.0012176508316770196,0.6852700114250183,0.014423059299588203,0.6852670907974243,0.008485166355967522,0.04117891937494278,7.972414493560791,0.00031576792466329596,1.337306991591825,4235.094470148601,0.0003157878744020833,linear-head cross-entropy Gauss-Newton/Hessian + trace damping,6.32893618299913e-16,1.3072914087321768e-15,,,,,,,,,,
TASK3-CMNIST-LOCAL-RESPONSE,main,2,UNPRECONDITIONED_GRAD_ALIGN,0.001,16,0.9200000166893005,0.8025000095367432,0.8612500131130219,0.8025000095367432,0.1071428582072258,1.2049325704574585,0.3847006857395172,4.011681079864502,0.0,False,0.001,16,1.0,0.4445977210998535,0.008483804762363434,0.6852843165397644,0.11340417712926865,0.6852828860282898,0.008483806625008583,0.04117267578840256,7.972113132476807,0.0003157410959810269,1.3371665540925364,4235.009541402515,0.0003157612991829713,linear-head cross-entropy Gauss-Newton/Hessian + trace damping,1.6878583576704619e-15,3.3411612905060947e-15,0.008483806625008583,0.04117267578840256,0.09210757911205292,0.0003157410959810269,1.3371665540925364,4235.009541402515,0.0003157612991829713,linear-head cross-entropy Gauss-Newton/Hessian + trace damping,0.0,0.0
TASK3-CMNIST-LOCAL-RESPONSE,main,2,LOCAL_RESPONSE,0.001,16,0.9200000166893005,0.8025000095367432,0.8612500131130219,0.8025000095367432,0.1071428582072258,1.2045698165893555,0.3847472071647644,4.008791446685791,0.0,False,0.001,16,1.0,0.4443507790565491,0.04071739315986633,0.6838937401771545,2.143096923828125,0.6840776205062866,0.008489343337714672,0.04071739315986633,7.925229072570801,0.00031658081420911946,1.3402636795177814,4233.5593926183465,0.0003166014480997215,linear-head cross-entropy Gauss-Newton/Hessian + trace damping,2.1042242188631395e-16,8.693699275172937e-16,0.008489343337714672,0.04071739315986633,7.925229072570801,0.00031658081420911946,1.3402636795177814,4233.5593926183465,0.0003166014480997215,linear-head cross-entropy Gauss-Newton/Hessian + trace damping,0.0,0.0
TASK3-CMNIST-LOCAL-RESPONSE,main,2,RANDOM_METRIC,0.001,16,0.9200000166893005,0.8025000095367432,0.8612500131130219,0.8025000095367432,0.1071428582072258,1.0000466108322144,0.20652523636817932,1.8512394428253174,0.0,False,0.001,16,1.0,0.4848671555519104,7.761090278625488,0.6480026841163635,133.69017028808594,0.5978973507881165,0.002062825486063957,0.0522894524037838,10.7717866897583,0.00020334057087697215,0.9574901536116016,4708.800361295903,0.00020334959199923714,linear-head cross-entropy Gauss-Newton/Hessian + trace damping,9.828400857884322e-16,2.1572059956854705e-16,0.002062825486063957,0.0522894524037838,186.3094024658203,0.00020334057087697215,0.9574901536116016,4708.800361295903,0.00020334959199923714,linear-head cross-entropy Gauss-Newton/Hessian + trace damping,9.828400857884322e-16,2.1572059956854705e-16
TASK3-CMNIST-LOCAL-RESPONSE,main,2,SHUFFLED_LOCAL_RESPONSE,0.001,16,0.9200000166893005,0.8025000095367432,0.8612500131130219,0.8025000095367432,0.1071428582072258,1.2057263851165771,0.38448840379714966,4.01608419418335,0.0,False,0.001,16,1.0,0.4450775384902954,0.030443482100963593,0.6872348189353943,1.4934455156326294,0.6873020529747009,0.008577085100114346,0.04159916937351227,8.018073081970215,0.00031589739499155394,1.3415782751597936,4246.879830065274,0.00031592354996863635,linear-head cross-entropy Gauss-Newton/Hessian + trace damping,1.4761175747085008e-15,1.5955410182422287e-15,0.017730597406625748,0.030443482100963593,5.354460716247559,0.00031590944712281275,1.3415782657629547,4246.717779355942,0.00031592355194416915,linear-head cross-entropy Gauss-Newton/Hessian + trace damping,0.0,0.0
TASK3-CMNIST-LOCAL-RESPONSE,main,3,ERM,0.0,16,0.8949999809265137,0.7950000166893005,0.8449999988079071,0.7950000166893005,0.1128571406006813,1.574908971786499,0.7988260388374329,9.886798858642578,0.0,False,0.0,16,1.0,0.3782837986946106,0.0,0.3093840181827545,0.0,0.3093840181827545,0.008213967084884644,0.021442290395498276,4.788091659545898,0.0005218451552947239,2.0625019873651316,3952.3256399693637,0.0005218728140673854,linear-head cross-entropy Gauss-Newton/Hessian + trace damping,1.2765570783929644e-16,1.9700958207611164e-15,,,,,,,,,,
TASK3-CMNIST-LOCAL-RESPONSE,main,3,IRMv1,0.001,16,0.8949999809265137,0.7950000166893005,0.8449999988079071,0.7950000166893005,0.1128571406006813,1.5750974416732788,0.798943042755127,9.889673233032227,0.0,False,0.001,16,1.0,0.3782758414745331,0.009412762708961964,0.30904752016067505,0.1609165370464325,0.3091980516910553,0.008215351961553097,0.02144555188715458,4.789478302001953,0.0005219188562808635,2.0628666576856762,3952.466236582134,0.0005219646362644253,linear-head cross-entropy Gauss-Newton/Hessian + trace damping,8.934327576490376e-16,8.953397812680039e-16,,,,,,,,,,
TASK3-CMNIST-LOCAL-RESPONSE,main,3,V-REx,0.001,16,0.8949999809265137,0.7950000166893005,0.8449999988079071,0.7950000166893005,0.1128571406006813,1.5748934745788574,0.7988162040710449,9.88656997680664,0.0,False,0.001,16,1.0,0.3782845139503479,0.0019566949922591448,0.3094013035297394,0.014610602520406246,0.30938786268234253,0.00821390375494957,0.021442923694849014,4.788323879241943,0.000521838811070289,2.0625048911899366,3952.379254735286,0.0005218718776648695,linear-head cross-entropy Gauss-Newton/Hessian + trace damping,3.8296781068152725e-16,1.0745989092240557e-15,,,,,,,,,,
TASK3-CMNIST-LOCAL-RESPONSE,main,3,UNPRECONDITIONED_GRAD_ALIGN,0.001,16,0.8949999809265137,0.7950000166893005,0.8449999988079071,0.7950000166893005,0.1128571406006813,1.5748292207717896,0.7987649440765381,9.885665893554688,0.0,False,0.001,16,1.0,0.37828677892684937,0.008212732151150703,0.30970892310142517,0.06446851044893265,0.30968910455703735,0.008212734013795853,0.021467380225658417,4.793031215667725,0.000521644739278825,2.061298720901784,3951.5374462541954,0.000521686039300579,linear-head cross-entropy Gauss-Newton/Hessian + trace damping,2.0432225810351287e-15,1.7917318937186667e-15,0.008212734013795853,0.021467380225658417,0.090624138712883,0.000521644739278825,2.061298720901784,3951.5374462541954,0.000521686039300579,linear-head cross-entropy Gauss-Newton/Hessian + trace damping,0.0,0.0
TASK3-CMNIST-LOCAL-RESPONSE,main,3,LOCAL_RESPONSE,0.1,2,0.8924999833106995,0.7975000143051147,0.8449999988079071,0.7975000143051147,0.1128571406006813,0.7109919786453247,0.0010726633481681347,0.00858746562153101,0.0,False,0.1,2,0.125,0.6767256259918213,0.035981662571430206,0.23394499719142914,2.2327396869659424,0.3250490725040436,0.0009191336575895548,0.035981662571430206,13.938087463378906,8.33145143069633e-05,0.5451568027721947,6543.359309082971,8.331714450752601e-05,linear-head cross-entropy Gauss-Newton/Hessian + trace damping,1.9989896399965985e-16,2.0364800413464745e-16,0.0009191336575895548,0.035981662571430206,13.938087463378906,8.33145143069633e-05,0.5451568027721947,6543.359309082971,8.331714450752601e-05,linear-head cross-entropy Gauss-Newton/Hessian + trace damping,0.0,0.0
TASK3-CMNIST-LOCAL-RESPONSE,main,3,RANDOM_METRIC,0.01,12,0.8824999928474426,0.800000011920929,0.8412500023841858,0.800000011920929,0.12999999523162842,0.7344339489936829,0.007038405630737543,0.056541938334703445,0.036666665226221085,False,0.01,12,0.75,0.6515378355979919,8.670333862304688,0.39906778931617737,15.070117950439453,0.4630557894706726,0.0007703899755142629,0.033123649656772614,13.676614761352539,8.073084050714036e-05,0.5157200829984273,6388.142124604954,8.073915415783026e-05,linear-head cross-entropy Gauss-Newton/Hessian + trace damping,4.125634221509654e-16,6.455171437139658e-16,0.0007703899755142629,0.033123649656772614,324.0141296386719,8.073084050714036e-05,0.5157200829984273,6388.142124604954,8.073915415783026e-05,linear-head cross-entropy Gauss-Newton/Hessian + trace damping,4.125634221509654e-16,6.455171437139658e-16
TASK3-CMNIST-LOCAL-RESPONSE,main,3,SHUFFLED_LOCAL_RESPONSE,1.0,12,0.8799999952316284,0.7975000143051147,0.8387500047683716,0.7975000143051147,0.13857142627239227,0.70411217212677,0.00044244423042982817,0.003540474222972989,0.029999999329447746,False,1.0,12,0.75,0.6829394698143005,0.01660507172346115,0.23921805620193481,0.8830050230026245,0.45652899146080017,0.0011233048280701041,0.03481082618236542,8.612916946411133,0.00010980557896015347,0.7215281062906759,6570.960356691037,0.00010980898325979897,linear-head cross-entropy Gauss-Newton/Hessian + trace damping,3.0334514310291024e-16,3.0773968406740923e-16,0.0002840527449734509,0.01660507172346115,8.209161758422852,0.00010979241662543915,0.7215281183943519,6571.7482187851965,0.00010980898354422275,linear-head cross-entropy Gauss-Newton/Hessian + trace damping,0.0,0.0
TASK3-CMNIST-LOCAL-RESPONSE,main,4,ERM,0.0,16,0.8824999928474426,0.8025000095367432,0.8425000011920929,0.8025000095367432,0.07999999821186066,1.53397536277771,0.7773663997650146,9.25051212310791,0.0,False,0.0,16,1.0,0.45422613620758057,0.0,0.16062608361244202,0.0,0.16062608361244202,0.001528494176454842,0.0396445132791996,5.028903007507324,0.0006500877938618188,2.6108776257650335,4016.1923518902368,0.0006501280366809982,linear-head cross-entropy Gauss-Newton/Hessian + trace damping,2.0494437933168644e-16,5.729618645640462e-16,,,,,,,,,,
TASK3-CMNIST-LOCAL-RESPONSE,main,4,IRMv1,0.001,16,0.8824999928474426,0.8025000095367432,0.8425000011920929,0.8025000095367432,0.07999999821186066,1.533921480178833,0.7773367166519165,9.249163627624512,0.0,False,0.001,16,1.0,0.4542407989501953,0.000619118451140821,0.1614246964454651,0.04515282064676285,0.16142921149730682,0.00152673595584929,0.03964504972100258,5.027873992919922,0.0006496527952895553,2.608042399971731,4014.517321993984,0.0006496918413110754,linear-head cross-entropy Gauss-Newton/Hessian + trace damping,0.0,5.734086009140073e-16,,,,,,,,,,
TASK3-CMNIST-LOCAL-RESPONSE,main,4,V-REx,0.001,16,0.8824999928474426,0.8025000095367432,0.8425000011920929,0.8025000095367432,0.07999999821186066,1.5339657068252563,0.777357280254364,9.25035285949707,0.0,False,0.001,16,1.0,0.45422595739364624,0.0001325088960584253,0.16062255203723907,0.0022411197423934937,0.16062328219413757,0.0015284642577171326,0.03964599594473839,5.029159069061279,0.0006500813442812358,2.6108701849511267,4016.220751324347,0.0006501249928083835,linear-head cross-entropy Gauss-Newton/Hessian + trace damping,6.148360166318943e-16,0.0,,,,,,,,,,
TASK3-CMNIST-LOCAL-RESPONSE,main,4,UNPRECONDITIONED_GRAD_ALIGN,0.001,16,0.8824999928474426,0.8025000095367432,0.8425000011920929,0.8025000095367432,0.07999999821186066,1.5338380336761475,0.7772566676139832,9.24786376953125,0.0,False,0.001,16,1.0,0.45423704385757446,0.001526655862107873,0.16139909625053406,0.013645293191075325,0.16139759123325348,0.0015266555128619075,0.039605963975191116,5.025800704956055,0.0006498489039887775,2.609377910373691,4015.3609467636397,0.0006499067407496499,linear-head cross-entropy Gauss-Newton/Hessian + trace damping,1.230084982439415e-15,5.731926051190219e-16,0.0015266555128619075,0.039605963975191116,0.039072439074516296,0.0006498489039887775,2.609377910373691,4015.3609467636397,0.0006499067407496499,linear-head cross-entropy Gauss-Newton/Hessian + trace damping,0.0,0.0
TASK3-CMNIST-LOCAL-RESPONSE,main,4,LOCAL_RESPONSE,0.001,16,0.8824999928474426,0.8025000095367432,0.8425000011920929,0.8025000095367432,0.07999999821186066,1.5286624431610107,0.7718445658683777,9.151514053344727,0.0,False,0.001,16,1.0,0.45440179109573364,0.037068966776132584,0.165192112326622,1.1711944341659546,0.16494299471378326,0.001436389284208417,0.037068966776132584,4.8499884605407715,0.0006375603357860438,2.5625127480190115,4019.2474408868406,0.0006375962398438291,linear-head cross-entropy Gauss-Newton/Hessian + trace damping,6.269175316796905e-16,5.840963113597692e-16,0.001436389284208417,0.037068966776132584,4.8499884605407715,0.0006375603357860438,2.5625127480190115,4019.2474408868406,0.0006375962398438291,linear-head cross-entropy Gauss-Newton/Hessian + trace damping,0.0,0.0
TASK3-CMNIST-LOCAL-RESPONSE,main,4,RANDOM_METRIC,0.01,12,0.887499988079071,0.8050000071525574,0.8462499976158142,0.8050000071525574,0.12428571283817291,0.7299759984016418,0.004992952570319176,0.04005629941821098,0.029999999329447746,False,0.01,12,0.75,0.6568583846092224,0.06197557598352432,0.29807308316230774,4.200493335723877,0.2939339578151703,6.0614665926550515e-06,0.022219981998205185,9.63358211517334,8.411975290959953e-05,0.5340028602629066,6348.126828627043,8.412392004174763e-05,linear-head cross-entropy Gauss-Newton/Hessian + trace damping,1.9798186844121292e-16,1.4543427991683858e-15,6.0614665926550515e-06,0.022219981998205185,26.623868942260742,8.411975290959953e-05,0.5340028602629066,6348.126828627043,8.412392004174763e-05,linear-head cross-entropy Gauss-Newton/Hessian + trace damping,1.9798186844121292e-16,1.4543427991683858e-15
TASK3-CMNIST-LOCAL-RESPONSE,main,4,SHUFFLED_LOCAL_RESPONSE,0.001,16,0.8824999928474426,0.8025000095367432,0.8425000011920929,0.8025000095367432,0.07999999821186066,1.5315712690353394,0.7747716903686523,9.201025009155273,0.0,False,0.001,16,1.0,0.4544052183628082,0.021527115255594254,0.16108842194080353,1.7972619533538818,0.16102364659309387,0.0015105742495507002,0.038818102329969406,5.012011528015137,0.0006398687650471288,2.5623665796702655,4004.5189258168234,0.0006399023672565818,linear-head cross-entropy Gauss-Newton/Hessian + trace damping,1.0410969999606982e-15,8.738265461645889e-16,0.006431747227907181,0.021527115255594254,4.51032018661499,0.0006398566102078622,2.562366580810246,4004.594998210368,0.0006399023539922906,linear-head cross-entropy Gauss-Newton/Hessian + trace damping,0.0,0.0
TASK3-CMNIST-LOCAL-RESPONSE,main,5,ERM,0.0,16,0.9200000166893005,0.8025000095367432,0.8612500131130219,0.8025000095367432,0.10428571701049805,1.2975294589996338,0.5386819243431091,5.609584808349609,0.0,False,0.0,16,1.0,0.46926814317703247,0.0,0.5592319369316101,0.0,0.5592319369316101,0.06962732970714569,0.05051684007048607,4.697243690490723,0.0005419885841626919,2.3484538339789753,4333.031917281169,0.0005420170260251987,linear-head cross-entropy Gauss-Newton/Hessian + trace damping,1.4749361798555818e-15,1.6766099047729577e-16,,,,,,,,,,
TASK3-CMNIST-LOCAL-RESPONSE,main,5,IRMv1,0.001,16,0.9200000166893005,0.8025000095367432,0.8612500131130219,0.8025000095367432,0.10428571701049805,1.297529697418213,0.538677453994751,5.609574794769287,0.0,False,0.001,16,1.0,0.46927446126937866,0.007169815711677074,0.5593066811561584,0.12722983956336975,0.5592766404151917,0.0696379616856575,0.05052288994193077,4.697606086730957,0.0005420228571695873,2.3485807604120406,4332.992104200543,0.0005420512860976515,linear-head cross-entropy Gauss-Newton/Hessian + trace damping,1.2290357977281097e-15,5.02952907698723e-16,,,,,,,,,,
TASK3-CMNIST-LOCAL-RESPONSE,main,5,V-REx,0.001,16,0.9200000166893005,0.8025000095367432,0.8612500131130219,0.8025000095367432,0.10428571701049805,1.297512412071228,0.5386624932289124,5.609321117401123,0.0,False,0.001,16,1.0,0.4692716598510742,0.0006408448098227382,0.5592567920684814,0.030902374535799026,0.5592802166938782,0.06963541358709335,0.050517432391643524,4.697306156158447,0.0005420182896386016,2.348587747754704,4333.041509209326,0.0005420490701062314,linear-head cross-entropy Gauss-Newton/Hessian + trace damping,8.603285755690156e-16,1.6765121471390576e-16,,,,,,,,,,
TASK3-CMNIST-LOCAL-RESPONSE,main,5,UNPRECONDITIONED_GRAD_ALIGN,0.001,16,0.9200000166893005,0.8025000095367432,0.8612500131130219,0.8025000095367432,0.10428571701049805,1.2975711822509766,0.5387266278266907,5.6102070808410645,0.0,False,0.001,16,1.0,0.4692637324333191,0.06961819529533386,0.5587067604064941,0.43070948123931885,0.5586827993392944,0.06961819529533386,0.0505051463842392,4.693750381469727,0.0005419365436877014,2.3479632096877743,4332.5426879513425,0.0005419570856360444,linear-head cross-entropy Gauss-Newton/Hessian + trace damping,4.916997692071637e-16,6.707427756749669e-16,0.06961819529533386,0.0505051463842392,0.263852596282959,0.0005419365436877014,2.3479632096877743,4332.5426879513425,0.0005419570856360444,linear-head cross-entropy Gauss-Newton/Hessian + trace damping,0.0,0.0
TASK3-CMNIST-LOCAL-RESPONSE,main,5,LOCAL_RESPONSE,0.01,4,0.9200000166893005,0.8075000047683716,0.8637500107288361,0.8075000047683716,0.1971428543329239,0.7177290320396423,0.0020078979432582855,0.016085276380181313,0.12666666507720947,False,0.01,4,0.25,0.6682395935058594,0.05759339779615402,0.22199729084968567,8.252223014831543,0.23884080350399017,0.011098267510533333,0.05759339779615402,14.457033157348633,9.328261381310444e-05,0.6054546797799129,6490.541538565442,9.328712072660341e-05,linear-head cross-entropy Gauss-Newton/Hessian + trace damping,7.141397758121505e-16,0.0,0.011098267510533333,0.05759339779615402,14.457033157348633,9.328261381310444e-05,0.6054546797799129,6490.541538565442,9.328712072660341e-05,linear-head cross-entropy Gauss-Newton/Hessian + trace damping,0.0,0.0
TASK3-CMNIST-LOCAL-RESPONSE,main,5,RANDOM_METRIC,0.001,16,0.9200000166893005,0.8025000095367432,0.8612500131130219,0.8025000095367432,0.10428571701049805,1.0319181680679321,0.24243947863578796,2.1877262592315674,0.0,False,0.001,16,1.0,0.5206753611564636,89.7579574584961,0.5194082856178284,506.9925231933594,0.6654536128044128,0.028242437168955803,0.048854976892471313,6.552811145782471,0.00026886784525139644,1.160968468789873,4317.989262361759,0.00026888291496726945,linear-head cross-entropy Gauss-Newton/Hessian + trace damping,2.477659969208793e-16,1.6939051226374467e-16,0.028242437168955803,0.048854976892471313,563.8320922851562,0.00026886784525139644,1.160968468789873,4317.989262361759,0.00026888291496726945,linear-head cross-entropy Gauss-Newton/Hessian + trace damping,2.477659969208793e-16,1.6939051226374467e-16
TASK3-CMNIST-LOCAL-RESPONSE,main,6,ERM,0.0,16,0.9100000262260437,0.8450000286102295,0.8775000274181366,0.8450000286102295,0.10428571701049805,1.2496037483215332,0.5127226114273071,5.306241989135742,0.0,False,0.0,16,1.0,0.4083082377910614,0.0,0.6168036460876465,0.0,0.6168036460876465,0.009879551827907562,0.021131185814738274,3.9602980613708496,0.0006212564355997242,2.9426774328923706,4736.655049780988,0.0006212981175066847,linear-head cross-entropy Gauss-Newton/Hessian + trace damping,1.5011804839984403e-15,2.8109761585893365e-16,,,,,,,,,,
TASK3-CMNIST-LOCAL-RESPONSE,main,6,IRMv1,0.001,16,0.9100000262260437,0.8450000286102295,0.8775000274181366,0.8450000286102295,0.10428571701049805,1.249603271484375,0.5127204060554504,5.306521892547607,0.0,False,0.001,16,1.0,0.4083094000816345,0.024925468489527702,0.6170228123664856,0.08262766152620316,0.6170921921730042,0.009882541373372078,0.021118242293596268,3.9586925506591797,0.0006214155651367594,2.943804899041898,4737.256457993667,0.0006214619952846657,linear-head cross-entropy Gauss-Newton/Hessian + trace damping,1.5007846269324732e-15,1.405027831142265e-16,,,,,,,,,,
TASK3-CMNIST-LOCAL-RESPONSE,main,6,V-REx,0.001,16,0.9100000262260437,0.8450000286102295,0.8775000274181366,0.8450000286102295,0.10428571701049805,1.24960196018219,0.5127205848693848,5.306216239929199,0.0,False,0.001,16,1.0,0.40830862522125244,0.0005056470399722457,0.616805374622345,0.009534849785268307,0.616803765296936,0.009879553690552711,0.021130669862031937,3.960174322128296,0.0006212641075461666,2.942680907633269,4736.6021501807045,0.000621298523619771,linear-head cross-entropy Gauss-Newton/Hessian + trace damping,2.1445421467838032e-16,4.2164603622877805e-16,,,,,,,,,,
TASK3-CMNIST-LOCAL-RESPONSE,main,6,UNPRECONDITIONED_GRAD_ALIGN,0.001,16,0.9100000262260437,0.8450000286102295,0.8775000274181366,0.8450000286102295,0.10428571701049805,1.2495328187942505,0.5126433968544006,5.305103302001953,0.0,False,0.001,16,1.0,0.4083217978477478,0.009875149466097355,0.6169807314872742,0.08489841967821121,0.6169301271438599,0.00987514853477478,0.02113320305943489,3.9614462852478027,0.0006211392703752787,2.9419666631572268,4736.4042228078015,0.0006211780189451846,linear-head cross-entropy Gauss-Newton/Hessian + trace damping,4.2899163492606756e-16,8.43477678847497e-16,0.00987514853477478,0.02113320305943489,0.09937378019094467,0.0006211392703752787,2.9419666631572268,4736.4042228078015,0.0006211780189451846,linear-head cross-entropy Gauss-Newton/Hessian + trace damping,0.0,0.0
TASK3-CMNIST-LOCAL-RESPONSE,main,6,LOCAL_RESPONSE,0.001,16,0.9100000262260437,0.8450000286102295,0.8775000274181366,0.8450000286102295,0.10428571701049805,1.2441359758377075,0.5062702298164368,5.224518775939941,0.0,False,0.001,16,1.0,0.4095475375652313,0.020512057468295097,0.618990957736969,1.5708823204040527,0.6189180016517639,0.009824354201555252,0.020512057468295097,3.8954527378082275,0.0006191121974821214,2.9419889613780295,4751.947988333711,0.0006191479883184939,linear-head cross-entropy Gauss-Newton/Hessian + trace damping,6.455972860005918e-16,7.039719782990702e-16,0.009824354201555252,0.020512057468295097,3.8954527378082275,0.0006191121974821214,2.9419889613780295,4751.947988333711,0.0006191479883184939,linear-head cross-entropy Gauss-Newton/Hessian + trace damping,0.0,0.0
TASK3-CMNIST-LOCAL-RESPONSE,main,6,RANDOM_METRIC,0.001,16,0.9100000262260437,0.8450000286102295,0.8775000274181366,0.8450000286102295,0.10428571701049805,1.0356367826461792,0.25621068477630615,2.2781295776367188,0.0,False,0.001,16,1.0,0.4745005965232849,10.689759254455566,0.637972354888916,117.76285552978516,0.5958523154258728,0.0038548926822841167,0.020999416708946228,5.579119682312012,0.0002892470716454598,1.241751580544694,4293.048062615313,0.00028926606177154815,linear-head cross-entropy Gauss-Newton/Hessian + trace damping,2.303071541606277e-16,0.0,0.0038548926822841167,0.020999416708946228,185.9575958251953,0.0002892470716454598,1.241751580544694,4293.048062615313,0.00028926606177154815,linear-head cross-entropy Gauss-Newton/Hessian + trace damping,2.303071541606277e-16,0.0
TASK3-CMNIST-LOCAL-RESPONSE,main,7,ERM,0.0,16,0.862500011920929,0.7649999856948853,0.8137499988079071,0.7649999856948853,0.10285714268684387,1.158491611480713,0.3399159610271454,3.5168440341949463,0.0,False,0.0,16,1.0,0.49910950660705566,0.0,0.374237984418869,0.0,0.374237984418869,0.024539733305573463,0.0430142804980278,6.198064804077148,0.0003804183489931966,1.7808152373677455,4681.202266086259,0.0003804468363523483,linear-head cross-entropy Gauss-Newton/Hessian + trace damping,0.0,4.618028840420316e-16,,,,,,,,,,
TASK3-CMNIST-LOCAL-RESPONSE,main,7,IRMv1,0.001,16,0.862500011920929,0.7649999856948853,0.8137499988079071,0.7649999856948853,0.10285714268684387,1.1585114002227783,0.33992651104927063,3.517038583755493,0.0,False,0.001,16,1.0,0.4991104006767273,0.010987025685608387,0.37422168254852295,0.10309869050979614,0.3742101490497589,0.02454197034239769,0.0430154912173748,6.197408676147461,0.0003804287390360311,1.78087027707548,4681.219093983356,0.0003804506649347869,linear-head cross-entropy Gauss-Newton/Hessian + trace damping,1.0506493948687451e-15,8.081384019617143e-16,,,,,,,,,,
TASK3-CMNIST-LOCAL-RESPONSE,main,7,V-REx,0.001,16,0.862500011920929,0.7649999856948853,0.8137499988079071,0.7649999856948853,0.10285714268684387,1.1584874391555786,0.33991268277168274,3.516796112060547,0.0,False,0.001,16,1.0,0.49910977482795715,0.002793592633679509,0.3742392361164093,0.032458774745464325,0.37422382831573486,0.024539317935705185,0.043012507259845734,6.197582721710205,0.0003804226184628099,1.780805588612696,4681.124365865716,0.00038044509506135276,linear-head cross-entropy Gauss-Newton/Hessian + trace damping,8.755539806751101e-16,1.6163182307302234e-15,,,,,,,,,,
TASK3-CMNIST-LOCAL-RESPONSE,main,7,UNPRECONDITIONED_GRAD_ALIGN,0.001,16,0.862500011920929,0.7649999856948853,0.8137499988079071,0.7649999856948853,0.10285714268684387,1.1583665609359741,0.33982518315315247,3.51542592048645,0.0,False,0.001,16,1.0,0.499115526676178,0.02452440746128559,0.37412920594215393,0.23030418157577515,0.3740500807762146,0.024524403735995293,0.043078742921352386,6.205904483795166,0.000380332729883873,1.7802834997738222,4680.85799588533,0.0003803516495408434,linear-head cross-entropy Gauss-Newton/Hessian + trace damping,1.7515381769023635e-16,5.774126174124682e-16,0.024524403735995293,0.043078742921352386,0.15660269558429718,0.000380332729883873,1.7802834997738222,4680.85799588533,0.0003803516495408434,linear-head cross-entropy Gauss-Newton/Hessian + trace damping,0.0,0.0
TASK3-CMNIST-LOCAL-RESPONSE,main,7,LOCAL_RESPONSE,0.001,16,0.862500011920929,0.7649999856948853,0.8137499988079071,0.7649999856948853,0.10285714268684387,1.1579675674438477,0.3396880030632019,3.511171579360962,0.0,False,0.001,16,1.0,0.4990556240081787,0.042033128440380096,0.3746830224990845,2.2190868854522705,0.3745536506175995,0.02443901263177395,0.042033128440380096,6.116354465484619,0.00038007260848806263,1.7737795980727311,4666.949310366948,0.0003801043862194726,linear-head cross-entropy Gauss-Newton/Hessian + trace damping,3.5053551549068986e-16,1.0416016626311382e-15,0.02443901263177395,0.042033128440380096,6.116354465484619,0.00038007260848806263,1.7737795980727311,4666.949310366948,0.0003801043862194726,linear-head cross-entropy Gauss-Newton/Hessian + trace damping,0.0,0.0
TASK3-CMNIST-LOCAL-RESPONSE,main,7,RANDOM_METRIC,0.001,16,0.862500011920929,0.7649999856948853,0.8137499988079071,0.7649999856948853,0.10285714268684387,0.8826062083244324,0.09154970943927765,0.7842817902565002,0.0,False,0.001,16,1.0,0.5706790685653687,22.633134841918945,0.4159216582775116,221.429443359375,0.3027426600456238,0.0038878123741596937,0.033469121903181076,6.781944751739502,0.00015587522319656234,0.7949579917205065,5099.963774987162,0.00015590573045439228,linear-head cross-entropy Gauss-Newton/Hessian + trace damping,4.2730978064559477e-16,4.024986339911746e-16,0.0038878123741596937,0.033469121903181076,373.6441650390625,0.00015587522319656234,0.7949579917205065,5099.963774987162,0.00015590573045439228,linear-head cross-entropy Gauss-Newton/Hessian + trace damping,4.2730978064559477e-16,4.024986339911746e-16
TASK3-CMNIST-LOCAL-RESPONSE,main,8,ERM,0.0,16,0.8974999785423279,0.8174999952316284,0.8574999868869781,0.8174999952316284,0.1014285683631897,1.4978415966033936,0.7493430972099304,9.095802307128906,0.0,False,0.0,16,1.0,0.40093475580215454,0.0,0.4850773811340332,0.0,0.4850773811340332,0.009253239259123802,0.018147185444831848,3.59643816947937,0.0007116387181006678,2.9938799826798603,4207.022336657557,0.0007116751429257971,linear-head cross-entropy Gauss-Newton/Hessian + trace damping,3.744407495137355e-16,7.741376215737776e-16,,,,,,,,,,
TASK3-CMNIST-LOCAL-RESPONSE,main,8,IRMv1,0.001,16,0.8974999785423279,0.8174999952316284,0.8574999868869781,0.8174999952316284,0.1014285683631897,1.4979658126831055,0.7494411468505859,9.097949028015137,0.0,False,0.001,16,1.0,0.4009363651275635,0.007921399548649788,0.4851578176021576,0.19307352602481842,0.48513978719711304,0.00925324484705925,0.018153369426727295,3.597050428390503,0.0007116486248860828,2.9938380025256097,4206.904781140902,0.0007117081789130514,linear-head cross-entropy Gauss-Newton/Hessian + trace damping,7.488467375333781e-16,5.160779793612018e-16,,,,,,,,,,
TASK3-CMNIST-LOCAL-RESPONSE,main,8,V-REx,0.001,16,0.8974999785423279,0.8174999952316284,0.8574999868869781,0.8174999952316284,0.1014285683631897,1.4978238344192505,0.7493303418159485,9.095502853393555,0.0,False,0.001,16,1.0,0.400934100151062,0.001165626454167068,0.48506003618240356,0.0085867028683424,0.48505279421806335,0.009253435768187046,0.018146662041544914,3.596406936645508,0.0007116322312286261,2.993910582298168,4207.103684903663,0.0007116780582476747,linear-head cross-entropy Gauss-Newton/Hessian + trace damping,5.616588234789119e-16,1.0321771621764653e-15,,,,,,,,,,
TASK3-CMNIST-LOCAL-RESPONSE,main,8,UNPRECONDITIONED_GRAD_ALIGN,0.001,16,0.8974999785423279,0.8174999952316284,0.8574999868869781,0.8174999952316284,0.1014285683631897,1.497509241104126,0.7490280270576477,9.089836120605469,0.0,False,0.001,16,1.0,0.4009546637535095,0.009246604517102242,0.4849565029144287,0.08613426238298416,0.4848942458629608,0.009246605448424816,0.018169783055782318,3.600468635559082,0.0007112016056339168,2.991995051532217,4206.957672522907,0.000711239864203063,linear-head cross-entropy Gauss-Newton/Hessian + trace damping,1.8733495360669821e-16,5.164109971951611e-16,0.009246605448424816,0.018169783055782318,0.09615927189588547,0.0007112016056339168,2.991995051532217,4206.957672522907,0.000711239864203063,linear-head cross-entropy Gauss-Newton/Hessian + trace damping,0.0,0.0
TASK3-CMNIST-LOCAL-RESPONSE,main,8,LOCAL_RESPONSE,0.001,16,0.8974999785423279,0.8174999952316284,0.8574999868869781,0.8174999952316284,0.1014285683631897,1.4413658380508423,0.6779427528381348,8.07645034790039,0.0,False,0.001,16,1.0,0.41181254386901855,0.017902247607707977,0.51483553647995,0.7162536978721619,0.514778196811676,0.00727668683975935,0.017902247607707977,3.733466148376465,0.0006603058053995173,2.71546695497444,4112.438407733595,0.0006603383611549031,linear-head cross-entropy Gauss-Newton/Hessian + trace damping,6.05326427185075e-16,4.201480202100626e-16,0.00727668683975935,0.017902247607707977,3.733466148376465,0.0006603058053995173,2.71546695497444,4112.438407733595,0.0006603383611549031,linear-head cross-entropy Gauss-Newton/Hessian + trace damping,0.0,0.0
TASK3-CMNIST-LOCAL-RESPONSE,main,8,RANDOM_METRIC,0.01,12,0.8974999785423279,0.8199999928474426,0.8587499856948853,0.8199999928474426,0.10285714268684387,0.7271727919578552,0.004243101458996534,0.03400539979338646,0.0033333334140479565,False,0.01,12,0.75,0.6582509875297546,0.5276548266410828,0.27314162254333496,10.511613845825195,0.20843130350112915,4.851738776778802e-05,0.013739509508013725,8.202059745788574,8.16351020006521e-05,0.5217503945218661,6391.250598519475,8.163736746485632e-05,linear-head cross-entropy Gauss-Newton/Hessian + trace damping,2.0401210116965284e-16,2.1268231984286077e-16,4.851738776778802e-05,0.013739509508013725,77.7784423828125,8.16351020006521e-05,0.5217503945218661,6391.250598519475,8.163736746485632e-05,linear-head cross-entropy Gauss-Newton/Hessian + trace damping,2.0401210116965284e-16,2.1268231984286077e-16
TASK3-CMNIST-LOCAL-RESPONSE,main,9,ERM,0.0,2,0.8774999976158142,0.8174999952316284,0.8474999964237213,0.8174999952316284,0.12999999523162842,0.7110900282859802,0.0014387255068868399,0.011520207859575748,0.013333333656191826,False,0.0,2,0.125,0.6751521825790405,0.0,0.1962662637233734,0.0,0.1962662637233734,0.007824628613889217,0.07403437048196793,13.778878211975098,8.233072175520755e-05,0.536788839950925,6519.909318260922,8.233663949602377e-05,linear-head cross-entropy Gauss-Newton/Hessian + trace damping,4.0455891744935026e-16,1.0340909075591818e-15,,,,,,,,,,
TASK3-CMNIST-LOCAL-RESPONSE,main,9,IRMv1,0.001,2,0.8774999976158142,0.8174999952316284,0.8474999964237213,0.8174999952316284,0.12999999523162842,0.7110900282859802,0.0014387242263182998,0.011520198546350002,0.013333333656191826,False,0.001,2,0.125,0.6751521825790405,0.0003133601858280599,0.19626623392105103,0.007141719106584787,0.19625915586948395,0.007824629545211792,0.07403801381587982,13.778822898864746,8.23354793301059e-05,0.5367888538373915,6519.532748273138,8.233664046339542e-05,linear-head cross-entropy Gauss-Newton/Hessian + trace damping,4.0455891269619514e-16,4.1363635236005037e-16,,,,,,,,,,
TASK3-CMNIST-LOCAL-RESPONSE,main,9,V-REx,0.001,2,0.8774999976158142,0.8174999952316284,0.8474999964237213,0.8174999952316284,0.12999999523162842,0.7110900282859802,0.001438724808394909,0.011520203202962875,0.013333333656191826,False,0.001,2,0.125,0.6751521825790405,5.3609483074978925e-06,0.1962662637233734,0.0008024538401514292,0.19626587629318237,0.007824628613889217,0.07403475791215897,13.778822898864746,8.233383166782312e-05,0.5367888525749716,6519.663201642952,8.233664145970552e-05,linear-head cross-entropy Gauss-Newton/Hessian + trace damping,6.068383617012776e-16,2.0681817665452307e-16,,,,,,,,,,
TASK3-CMNIST-LOCAL-RESPONSE,main,9,UNPRECONDITIONED_GRAD_ALIGN,0.001,2,0.8774999976158142,0.8174999952316284,0.8474999964237213,0.8174999952316284,0.12999999523162842,0.7110900282859802,0.0014387244591489434,0.011520201340317726,0.013333333656191826,False,0.001,2,0.125,0.6751522421836853,0.007824613712728024,0.19626611471176147,0.014618043787777424,0.1962703913450241,0.007824614644050598,0.07403556257486343,13.77911376953125,8.233297389912519e-05,0.5367880503224952,6519.721381377173,8.23365143790425e-05,linear-head cross-entropy Gauss-Newton/Hessian + trace damping,4.045595322092886e-16,2.068184858036075e-16,0.007824614644050598,0.07403556257486343,0.08845685422420502,8.233297389912519e-05,0.5367880503224952,6519.721381377173,8.23365143790425e-05,linear-head cross-entropy Gauss-Newton/Hessian + trace damping,0.0,0.0
TASK3-CMNIST-LOCAL-RESPONSE,main,9,LOCAL_RESPONSE,0.001,2,0.8774999976158142,0.8174999952316284,0.8474999964237213,0.8174999952316284,0.12999999523162842,0.71108478307724,0.0014369917334988713,0.011506282724440098,0.013333333656191826,False,0.001,2,0.125,0.67515629529953,0.07330094277858734,0.1954392045736313,7.2462897300720215,0.1955634355545044,0.007807878311723471,0.07330094277858734,13.709587097167969,8.217991770034946e-05,0.5357767295446947,6519.557874203328,8.218129910016036e-05,linear-head cross-entropy Gauss-Newton/Hessian + trace damping,0.0,2.0720887227603945e-16,0.007807878311723471,0.07330094277858734,13.709587097167969,8.217991770034946e-05,0.5357767295446947,6519.557874203328,8.218129910016036e-05,linear-head cross-entropy Gauss-Newton/Hessian + trace damping,0.0,0.0
TASK3-CMNIST-LOCAL-RESPONSE,main,9,RANDOM_METRIC,0.001,16,0.8799999952316284,0.8100000023841858,0.8449999988079071,0.8100000023841858,0.10428571701049805,1.3415809869766235,0.6367005705833435,6.981585502624512,0.0,False,0.001,16,1.0,0.46035128831863403,30.291576385498047,0.3533373177051544,180.65223693847656,0.45029792189598083,0.014514773152768612,0.0684504508972168,8.672240257263184,0.0003720305284811888,1.6155002178693771,4342.386159718241,0.00037205639097726706,linear-head cross-entropy Gauss-Newton/Hessian + trace damping,0.0,7.328820198467395e-16,0.014514773152768612,0.0684504508972168,269.50433349609375,0.0003720305284811888,1.6155002178693771,4342.386159718241,0.00037205639097726706,linear-head cross-entropy Gauss-Newton/Hessian + trace damping,0.0,7.328820198467395e-16
