adaptive_condition_holds,alpha,audit_mode,cross_E_irr_star_norm,cross_irr_E_star_norm,gram_sum_residual,kind,lambda,method,psd_min_gap,recoverable_exact,seed,setting,slack_ratio,support_compatible
False,0.0,source_only_fast_world_space_no_coordinate_transport,0.0,0.0,0.0,cmnist_irmv1_source_only,0.0,L2,-12.367785397262768,False,0,source_only_common_projection_irmv1,inf,False
False,0.0,source_only_fast_world_space_no_coordinate_transport,0.0,0.0,0.0,cmnist_irmv1_source_only,0.001,L2,-12.348054649467466,False,0,source_only_common_projection_irmv1,inf,False
False,0.0,source_only_fast_world_space_no_coordinate_transport,0.0,0.0,0.0,cmnist_irmv1_source_only,0.01,L2,-12.33878619119184,False,0,source_only_common_projection_irmv1,inf,False
False,0.0,source_only_fast_world_space_no_coordinate_transport,0.0,0.0,0.0,cmnist_irmv1_source_only,0.1,L2,-12.200571334300136,False,0,source_only_common_projection_irmv1,inf,False
False,0.0,source_only_fast_world_space_no_coordinate_transport,0.0,0.0,1.0842021724855044e-19,cmnist_irmv1_source_only,0.001,IRMV1,-12.367728192797701,False,0,source_only_common_projection_irmv1,inf,False
False,0.0,source_only_fast_world_space_no_coordinate_transport,0.0,0.0,1.0842021724855044e-19,cmnist_irmv1_source_only,0.01,IRMV1,-12.367219718296413,False,0,source_only_common_projection_irmv1,inf,False
False,0.0,source_only_fast_world_space_no_coordinate_transport,0.0,0.0,2.168404344971009e-19,cmnist_irmv1_source_only,0.1,IRMV1,-12.362674109497346,False,0,source_only_common_projection_irmv1,inf,False
False,0.0,source_only_fast_world_space_no_coordinate_transport,0.0,0.0,3.5085519315160446e-19,cmnist_irmv1_source_only,0.001,VREX,-12.367725105343425,False,0,source_only_common_projection_irmv1,inf,False
False,0.0,source_only_fast_world_space_no_coordinate_transport,0.0,0.0,2.168404344971009e-19,cmnist_irmv1_source_only,0.01,VREX,-12.367183359133962,False,0,source_only_common_projection_irmv1,inf,False
False,0.0,source_only_fast_world_space_no_coordinate_transport,0.0,0.0,2.168404344971009e-19,cmnist_irmv1_source_only,0.1,VREX,-12.361852748348538,False,0,source_only_common_projection_irmv1,inf,False
False,0.0,source_only_fast_world_space_no_coordinate_transport,0.0,0.0,0.0,cmnist_irmv1_source_only,0.0,L2,-12.591696399849443,False,1,source_only_common_projection_irmv1,inf,False
False,0.0,source_only_fast_world_space_no_coordinate_transport,0.0,0.0,0.0,cmnist_irmv1_source_only,0.001,L2,-12.585622930026572,False,1,source_only_common_projection_irmv1,inf,False
False,0.0,source_only_fast_world_space_no_coordinate_transport,0.0,0.0,0.0,cmnist_irmv1_source_only,0.01,L2,-12.539926284928216,False,1,source_only_common_projection_irmv1,inf,False
False,0.0,source_only_fast_world_space_no_coordinate_transport,0.0,0.0,0.0,cmnist_irmv1_source_only,0.1,L2,-12.313265952231255,False,1,source_only_common_projection_irmv1,inf,False
False,0.0,source_only_fast_world_space_no_coordinate_transport,0.0,0.0,0.0,cmnist_irmv1_source_only,0.001,IRMV1,-12.591643348117042,False,1,source_only_common_projection_irmv1,inf,False
False,0.0,source_only_fast_world_space_no_coordinate_transport,0.0,0.0,0.0,cmnist_irmv1_source_only,0.01,IRMV1,-12.591171981269653,False,1,source_only_common_projection_irmv1,inf,False
False,0.0,source_only_fast_world_space_no_coordinate_transport,0.0,0.0,0.0,cmnist_irmv1_source_only,0.1,IRMV1,-12.586974645994765,False,1,source_only_common_projection_irmv1,inf,False
False,0.0,source_only_fast_world_space_no_coordinate_transport,0.0,0.0,0.0,cmnist_irmv1_source_only,0.001,VREX,-12.59163942234805,False,1,source_only_common_projection_irmv1,inf,False
False,0.0,source_only_fast_world_space_no_coordinate_transport,0.0,0.0,2.710505431213761e-20,cmnist_irmv1_source_only,0.01,VREX,-12.591127438945549,False,1,source_only_common_projection_irmv1,inf,False
False,0.0,source_only_fast_world_space_no_coordinate_transport,0.0,0.0,2.710505431213761e-20,cmnist_irmv1_source_only,0.1,VREX,-12.586087866115516,False,1,source_only_common_projection_irmv1,inf,False
False,0.0,source_only_fast_world_space_no_coordinate_transport,0.0,0.0,0.0,cmnist_irmv1_source_only,0.0,L2,-12.475550860372218,False,2,source_only_common_projection_irmv1,inf,False
False,0.0,source_only_fast_world_space_no_coordinate_transport,0.0,0.0,0.0,cmnist_irmv1_source_only,0.001,L2,-12.488340689908744,False,2,source_only_common_projection_irmv1,inf,False
False,0.0,source_only_fast_world_space_no_coordinate_transport,0.0,0.0,0.0,cmnist_irmv1_source_only,0.01,L2,-12.475232558132424,False,2,source_only_common_projection_irmv1,inf,False
False,0.0,source_only_fast_world_space_no_coordinate_transport,0.0,0.0,0.0,cmnist_irmv1_source_only,0.1,L2,-12.410609871044063,False,2,source_only_common_projection_irmv1,inf,False
False,0.0,source_only_fast_world_space_no_coordinate_transport,0.0,0.0,0.0,cmnist_irmv1_source_only,0.001,IRMV1,-12.475494912453994,False,2,source_only_common_projection_irmv1,inf,False
False,0.0,source_only_fast_world_space_no_coordinate_transport,0.0,0.0,0.0,cmnist_irmv1_source_only,0.1,IRMV1,-12.470528184212867,False,2,source_only_common_projection_irmv1,inf,False
False,0.0,source_only_fast_world_space_no_coordinate_transport,0.0,0.0,5.421010862427522e-20,cmnist_irmv1_source_only,0.001,VREX,-12.475490219470574,False,2,source_only_common_projection_irmv1,inf,False
False,0.0,source_only_fast_world_space_no_coordinate_transport,0.0,0.0,0.0,cmnist_irmv1_source_only,0.01,VREX,-12.474945303380677,False,2,source_only_common_projection_irmv1,inf,False
False,0.0,source_only_fast_world_space_no_coordinate_transport,0.0,0.0,5.421010862427522e-20,cmnist_irmv1_source_only,0.1,VREX,-12.469580126034113,False,2,source_only_common_projection_irmv1,inf,False
False,0.0,source_only_fast_world_space_no_coordinate_transport,0.0,0.0,0.0,cmnist_irmv1_source_only,0.0,L2,-12.496366009220221,False,3,source_only_common_projection_irmv1,inf,False
False,0.0,source_only_fast_world_space_no_coordinate_transport,0.0,0.0,0.0,cmnist_irmv1_source_only,0.001,L2,-12.49671793763835,False,3,source_only_common_projection_irmv1,inf,False
False,0.0,source_only_fast_world_space_no_coordinate_transport,0.0,0.0,0.0,cmnist_irmv1_source_only,0.01,L2,-12.447500858698023,False,3,source_only_common_projection_irmv1,inf,False
False,0.0,source_only_fast_world_space_no_coordinate_transport,0.0,0.0,0.0,cmnist_irmv1_source_only,0.1,L2,-12.16650610942345,False,3,source_only_common_projection_irmv1,inf,False
False,0.0,source_only_fast_world_space_no_coordinate_transport,0.0,0.0,0.0,cmnist_irmv1_source_only,0.001,IRMV1,-12.496309371769454,False,3,source_only_common_projection_irmv1,inf,False
False,0.0,source_only_fast_world_space_no_coordinate_transport,0.0,0.0,2.168404344971009e-19,cmnist_irmv1_source_only,0.01,IRMV1,-12.495805863982977,False,3,source_only_common_projection_irmv1,inf,False
False,0.0,source_only_fast_world_space_no_coordinate_transport,0.0,0.0,0.0,cmnist_irmv1_source_only,0.1,IRMV1,-12.491297952686706,False,3,source_only_common_projection_irmv1,inf,False
False,0.0,source_only_fast_world_space_no_coordinate_transport,0.0,0.0,2.168404344971009e-19,cmnist_irmv1_source_only,0.001,VREX,-12.496305995683654,False,3,source_only_common_projection_irmv1,inf,False
False,0.0,source_only_fast_world_space_no_coordinate_transport,0.0,0.0,0.0,cmnist_irmv1_source_only,0.01,VREX,-12.495766737451271,False,3,source_only_common_projection_irmv1,inf,False
False,0.0,source_only_fast_world_space_no_coordinate_transport,0.0,0.0,0.0,cmnist_irmv1_source_only,0.1,VREX,-12.49045928541083,False,3,source_only_common_projection_irmv1,inf,False
False,0.0,source_only_fast_world_space_no_coordinate_transport,0.0,0.0,0.0,cmnist_irmv1_source_only,0.0,L2,-11.931669682305408,False,4,source_only_common_projection_irmv1,inf,False
False,0.0,source_only_fast_world_space_no_coordinate_transport,0.0,0.0,0.0,cmnist_irmv1_source_only,0.001,L2,-11.89888093952083,False,4,source_only_common_projection_irmv1,inf,False
False,0.0,source_only_fast_world_space_no_coordinate_transport,0.0,0.0,0.0,cmnist_irmv1_source_only,0.01,L2,-11.849184836923245,False,4,source_only_common_projection_irmv1,inf,False
False,0.0,source_only_fast_world_space_no_coordinate_transport,0.0,0.0,0.0,cmnist_irmv1_source_only,0.1,L2,-11.747624385233628,False,4,source_only_common_projection_irmv1,inf,False
False,0.0,source_only_fast_world_space_no_coordinate_transport,0.0,0.0,2.710505431213761e-20,cmnist_irmv1_source_only,0.001,IRMV1,-11.931610203427068,False,4,source_only_common_projection_irmv1,inf,False
False,0.0,source_only_fast_world_space_no_coordinate_transport,0.0,0.0,0.0,cmnist_irmv1_source_only,0.01,IRMV1,-11.931081225918934,False,4,source_only_common_projection_irmv1,inf,False
False,0.0,source_only_fast_world_space_no_coordinate_transport,0.0,0.0,6.776263578034403e-21,cmnist_irmv1_source_only,0.001,VREX,-11.931608445920645,False,4,source_only_common_projection_irmv1,inf,False
False,0.0,source_only_fast_world_space_no_coordinate_transport,0.0,0.0,1.8431436932253575e-18,cmnist_irmv1_source_only,0.01,VREX,-11.931058205696955,False,4,source_only_common_projection_irmv1,inf,False
False,0.0,source_only_fast_world_space_no_coordinate_transport,0.0,0.0,0.0,cmnist_irmv1_source_only,0.0,L2,-12.510942743874711,False,5,source_only_common_projection_irmv1,inf,False
False,0.0,source_only_fast_world_space_no_coordinate_transport,0.0,0.0,0.0,cmnist_irmv1_source_only,0.001,L2,-12.491898812041375,False,5,source_only_common_projection_irmv1,inf,False
False,0.0,source_only_fast_world_space_no_coordinate_transport,0.0,0.0,0.0,cmnist_irmv1_source_only,0.01,L2,-12.507360142225753,False,5,source_only_common_projection_irmv1,inf,False
False,0.0,source_only_fast_world_space_no_coordinate_transport,0.0,0.0,0.0,cmnist_irmv1_source_only,0.1,L2,-12.420137452996329,False,5,source_only_common_projection_irmv1,inf,False
False,0.0,source_only_fast_world_space_no_coordinate_transport,0.0,0.0,0.0,cmnist_irmv1_source_only,0.001,IRMV1,-12.510887069328911,False,5,source_only_common_projection_irmv1,inf,False
False,0.0,source_only_fast_world_space_no_coordinate_transport,0.0,0.0,2.168404344971009e-19,cmnist_irmv1_source_only,0.01,IRMV1,-12.510392027953305,False,5,source_only_common_projection_irmv1,inf,False
False,0.0,source_only_fast_world_space_no_coordinate_transport,0.0,0.0,5.924190841813907e-19,cmnist_irmv1_source_only,0.1,IRMV1,-12.505951811110668,False,5,source_only_common_projection_irmv1,inf,False
False,0.0,source_only_fast_world_space_no_coordinate_transport,0.0,0.0,5.554482249167377e-19,cmnist_irmv1_source_only,0.001,VREX,-12.510882531739993,False,5,source_only_common_projection_irmv1,inf,False
False,0.0,source_only_fast_world_space_no_coordinate_transport,0.0,0.0,2.168404344971009e-19,cmnist_irmv1_source_only,0.01,VREX,-12.510341456523141,False,5,source_only_common_projection_irmv1,inf,False
False,0.0,source_only_fast_world_space_no_coordinate_transport,0.0,0.0,5.234991178337757e-19,cmnist_irmv1_source_only,0.1,VREX,-12.505012913006405,False,5,source_only_common_projection_irmv1,inf,False
False,0.0,source_only_fast_world_space_no_coordinate_transport,0.0,0.0,0.0,cmnist_irmv1_source_only,0.0,L2,-12.62443723811521,False,6,source_only_common_projection_irmv1,inf,False
False,0.0,source_only_fast_world_space_no_coordinate_transport,0.0,0.0,0.0,cmnist_irmv1_source_only,0.001,L2,-12.623849261726638,False,6,source_only_common_projection_irmv1,inf,False
False,0.0,source_only_fast_world_space_no_coordinate_transport,0.0,0.0,0.0,cmnist_irmv1_source_only,0.01,L2,-12.625553851403474,False,6,source_only_common_projection_irmv1,inf,False
False,0.0,source_only_fast_world_space_no_coordinate_transport,0.0,0.0,0.0,cmnist_irmv1_source_only,0.1,L2,-12.489197406494462,False,6,source_only_common_projection_irmv1,inf,False
False,0.0,source_only_fast_world_space_no_coordinate_transport,0.0,0.0,0.0,cmnist_irmv1_source_only,0.001,IRMV1,-12.624379533070291,False,6,source_only_common_projection_irmv1,inf,False
False,0.0,source_only_fast_world_space_no_coordinate_transport,0.0,0.0,6.776263578034403e-21,cmnist_irmv1_source_only,0.01,IRMV1,-12.623866741326875,False,6,source_only_common_projection_irmv1,inf,False
False,0.0,source_only_fast_world_space_no_coordinate_transport,0.0,0.0,0.0,cmnist_irmv1_source_only,0.1,IRMV1,-12.619293257646783,False,6,source_only_common_projection_irmv1,inf,False
False,0.0,source_only_fast_world_space_no_coordinate_transport,0.0,0.0,6.776263578034403e-21,cmnist_irmv1_source_only,0.001,VREX,-12.62437615594829,False,6,source_only_common_projection_irmv1,inf,False
False,0.0,source_only_fast_world_space_no_coordinate_transport,0.0,0.0,6.776263578034403e-21,cmnist_irmv1_source_only,0.01,VREX,-12.623827287932336,False,6,source_only_common_projection_irmv1,inf,False
False,0.0,source_only_fast_world_space_no_coordinate_transport,0.0,0.0,0.0,cmnist_irmv1_source_only,0.1,VREX,-12.618424509988357,False,6,source_only_common_projection_irmv1,inf,False
False,0.0,source_only_fast_world_space_no_coordinate_transport,0.0,0.0,0.0,cmnist_irmv1_source_only,0.0,L2,-12.078102358005221,False,7,source_only_common_projection_irmv1,inf,False
False,0.0,source_only_fast_world_space_no_coordinate_transport,0.0,0.0,0.0,cmnist_irmv1_source_only,0.001,L2,-12.05887876268115,False,7,source_only_common_projection_irmv1,inf,False
False,0.0,source_only_fast_world_space_no_coordinate_transport,0.0,0.0,0.0,cmnist_irmv1_source_only,0.01,L2,-12.024203605413508,False,7,source_only_common_projection_irmv1,inf,False
False,0.0,source_only_fast_world_space_no_coordinate_transport,0.0,0.0,0.0,cmnist_irmv1_source_only,0.1,L2,-11.79951814025125,False,7,source_only_common_projection_irmv1,inf,False
False,0.0,source_only_fast_world_space_no_coordinate_transport,0.0,0.0,0.0,cmnist_irmv1_source_only,0.001,IRMV1,-12.078047388550862,False,7,source_only_common_projection_irmv1,inf,False
False,0.0,source_only_fast_world_space_no_coordinate_transport,0.0,0.0,2.42434975903054e-19,cmnist_irmv1_source_only,0.01,IRMV1,-12.077558679868977,False,7,source_only_common_projection_irmv1,inf,False
False,0.0,source_only_fast_world_space_no_coordinate_transport,0.0,0.0,2.168404344971009e-19,cmnist_irmv1_source_only,0.1,IRMV1,-12.073181597584444,False,7,source_only_common_projection_irmv1,inf,False
False,0.0,source_only_fast_world_space_no_coordinate_transport,0.0,0.0,0.0,cmnist_irmv1_source_only,0.001,VREX,-12.07804412050993,False,7,source_only_common_projection_irmv1,inf,False
False,0.0,source_only_fast_world_space_no_coordinate_transport,0.0,0.0,1.734723475976807e-18,cmnist_irmv1_source_only,0.01,VREX,-12.077520851669476,False,7,source_only_common_projection_irmv1,inf,False
False,0.0,source_only_fast_world_space_no_coordinate_transport,0.0,0.0,2.3081606534231737e-19,cmnist_irmv1_source_only,0.1,VREX,-12.072373796693126,False,7,source_only_common_projection_irmv1,inf,False
False,0.0,source_only_fast_world_space_no_coordinate_transport,0.0,0.0,0.0,cmnist_irmv1_source_only,0.0,L2,-12.488232680499591,False,8,source_only_common_projection_irmv1,inf,False
False,0.0,source_only_fast_world_space_no_coordinate_transport,0.0,0.0,0.0,cmnist_irmv1_source_only,0.001,L2,-12.512309332721172,False,8,source_only_common_projection_irmv1,inf,False
False,0.0,source_only_fast_world_space_no_coordinate_transport,0.0,0.0,0.0,cmnist_irmv1_source_only,0.01,L2,-12.503404620803352,False,8,source_only_common_projection_irmv1,inf,False
False,0.0,source_only_fast_world_space_no_coordinate_transport,0.0,0.0,0.0,cmnist_irmv1_source_only,0.1,L2,-12.220256716402105,False,8,source_only_common_projection_irmv1,inf,False
False,0.0,source_only_fast_world_space_no_coordinate_transport,0.0,0.0,0.0,cmnist_irmv1_source_only,0.001,IRMV1,-12.48817330434411,False,8,source_only_common_projection_irmv1,inf,False
False,0.0,source_only_fast_world_space_no_coordinate_transport,0.0,0.0,5.421010862427522e-20,cmnist_irmv1_source_only,0.01,IRMV1,-12.4876453679947,False,8,source_only_common_projection_irmv1,inf,False
False,0.0,source_only_fast_world_space_no_coordinate_transport,0.0,0.0,2.168404344971009e-19,cmnist_irmv1_source_only,0.1,IRMV1,-12.482912232561445,False,8,source_only_common_projection_irmv1,inf,False
False,0.0,source_only_fast_world_space_no_coordinate_transport,0.0,0.0,7.666467083416871e-20,cmnist_irmv1_source_only,0.001,VREX,-12.488170621340773,False,8,source_only_common_projection_irmv1,inf,False
False,0.0,source_only_fast_world_space_no_coordinate_transport,0.0,0.0,0.0,cmnist_irmv1_source_only,0.01,VREX,-12.487612965660047,False,8,source_only_common_projection_irmv1,inf,False
False,0.0,source_only_fast_world_space_no_coordinate_transport,0.0,0.0,2.168404344971009e-19,cmnist_irmv1_source_only,0.1,VREX,-12.482122827313466,False,8,source_only_common_projection_irmv1,inf,False
False,0.0,source_only_fast_world_space_no_coordinate_transport,0.0,0.0,0.0,cmnist_irmv1_source_only,0.0,L2,-12.2180335682708,False,9,source_only_common_projection_irmv1,inf,False
False,0.0,source_only_fast_world_space_no_coordinate_transport,0.0,0.0,0.0,cmnist_irmv1_source_only,0.001,L2,-12.195023751814663,False,9,source_only_common_projection_irmv1,inf,False
False,0.0,source_only_fast_world_space_no_coordinate_transport,0.0,0.0,0.0,cmnist_irmv1_source_only,0.01,L2,-12.193685095967064,False,9,source_only_common_projection_irmv1,inf,False
False,0.0,source_only_fast_world_space_no_coordinate_transport,0.0,0.0,0.0,cmnist_irmv1_source_only,0.1,L2,-12.085990208718965,False,9,source_only_common_projection_irmv1,inf,False
False,0.0,source_only_fast_world_space_no_coordinate_transport,0.0,0.0,1.3552527156068805e-20,cmnist_irmv1_source_only,0.001,IRMV1,-12.217976762204076,False,9,source_only_common_projection_irmv1,inf,False
False,0.0,source_only_fast_world_space_no_coordinate_transport,0.0,0.0,0.0,cmnist_irmv1_source_only,0.01,IRMV1,-12.217471587953494,False,9,source_only_common_projection_irmv1,inf,False
False,0.0,source_only_fast_world_space_no_coordinate_transport,0.0,0.0,0.0,cmnist_irmv1_source_only,0.1,IRMV1,-12.212934932779204,False,9,source_only_common_projection_irmv1,inf,False
False,0.0,source_only_fast_world_space_no_coordinate_transport,0.0,0.0,0.0,cmnist_irmv1_source_only,0.001,VREX,-12.217973601058846,False,9,source_only_common_projection_irmv1,inf,False
False,0.0,source_only_fast_world_space_no_coordinate_transport,0.0,0.0,0.0,cmnist_irmv1_source_only,0.01,VREX,-12.21743475220341,False,9,source_only_common_projection_irmv1,inf,False
False,0.0,source_only_fast_world_space_no_coordinate_transport,0.0,0.0,1.3552527156068805e-20,cmnist_irmv1_source_only,0.1,VREX,-12.212130647850822,False,9,source_only_common_projection_irmv1,inf,False
